,DRUG,catalogue,SENSITIVITY,SPECIFICITY,COVERAGE,SENSITIVITY2,SPECIFICITY2,SENSITIVITY_LOW,SENSITIVITY_HIGH,SPECIFICITY_LOW,SPECIFICITY_HIGH,DPR_LOW,DPR_HIGH,TP,FN,TN,FP,UP,UN
0,RIF,MTBC-CRyPTICv1.1.1-2025.8,0.9594667023984993,0.9838769804287045,0.9722056001485669,0.9414897113930708,0.9843919162757128,0.9561829654112711,0.9625139971674211,0.9824422319672289,0.9851962537924367,0.9707042261472487,0.9736321205669707,14321,605,31671,519,285,1062
1,RIF,MTBC-CRyPTICv3.4.0-2025.8,0.9595155246252677,0.9839284055368036,0.9747023502465799,0.9426730655446717,0.9843919162757128,0.956235649017984,0.9625592176412148,0.9824981908061166,0.9852435012058076,0.9732662365543326,0.9760632145734603,14339,605,31774,519,267,959
2,RIF,WHOv1,0.9601924471099981,0.9741787671444936,0.9795514103542909,0.9577937019262376,0.9749188018765789,0.9569633643590836,0.9631885683003714,0.9723918990854855,0.9758528563812451,0.9782528267766931,0.9807739758981225,14569,604,31465,834,38,953
3,RIF,WHOv2,0.9605193778012128,0.9740779833602384,0.9777355921011907,0.9580566695154822,0.9748887284975339,0.9573023622258234,0.9635032509533954,0.9722853528049826,0.9757575545652859,0.9763836452336392,0.9790118087767594,14573,599,31377,835,39,1040
4,INH,MTBC-CRyPTICv1.1.1-2025.8,0.9456444468748291,0.9856204509142553,0.9569839307787392,0.9156033250383862,0.986342022729572,0.942263900840919,0.9488378036211171,0.9841624049474131,0.9869460462109199,0.9551425241100707,0.958753011694066,17293,994,27760,405,600,1488
5,INH,MTBC-CRyPTICv3.4.0-2025.8,0.9462923900697712,0.9850168649032487,0.9611454470539761,0.9263514586752792,0.9857687249182208,0.9429491578144246,0.9494502085430055,0.9835304932145601,0.9863709505469758,0.9593894858092193,0.9628284239121672,17496,993,27743,422,398,1488
6,INH,WHOv1,0.9352128247650636,0.9871926774754319,0.9533786567779151,0.8957483983692487,0.9878258523589519,0.9315326398779156,0.9387082117309546,0.9858120365190203,0.9884405426428698,0.9514669833232396,0.955218575077339,16918,1172,27826,361,797,1466
7,INH,WHOv2,0.942153778219352,0.9860827145880412,0.9475896168108776,0.9037433155080213,0.9869153205409233,0.938659705290387,0.9454603857333909,0.9846390822153448,0.9873924103435316,0.9455714419455239,0.9495369527384845,17069,1048,27491,388,770,1774
8,EMB,MTBC-CRyPTICv1.1.1-2025.8,0.9385298753403066,0.9061233825643706,0.9047206374425266,0.8666313839640116,0.9154577288644322,0.932649837439003,0.9439274178369249,0.9028046005285031,0.9093402229946963,0.9018597371290387,0.9075066924752033,6550,429,27731,2873,579,3379
9,EMB,MTBC-CRyPTICv3.4.0-2025.8,0.9430916933351885,0.8975535168195719,0.9129534676584579,0.8967980947340566,0.9073360209516523,0.9374952068716164,0.9482147669155853,0.8941137704440851,0.9008939076983535,0.9102042640355482,0.9156263034972977,6778,409,27589,3149,371,3245
10,EMB,WHOv1,0.9514577050122074,0.8927583108715185,0.8374377121398137,0.876554644085737,0.9121913898125533,0.946156200152483,0.9562613497746866,0.8890683150377908,0.8963398749633117,0.8338584383040923,0.8409545833748646,6625,338,24841,2984,595,6158
11,EMB,WHOv2,0.9343055154490326,0.902203245089667,0.8714523001372139,0.856178883302461,0.9157519936438807,0.9282267528091586,0.9399027759468701,0.8987476642944245,0.9055532856977586,0.8681993445839703,0.8746365627473759,6471,455,26412,2863,632,4708
12,PZA,MTBC-CRyPTICv1.1.1-2025.8,0.8715481171548117,0.9699900255865389,0.9675053868075346,0.8353719671144977,0.9709084794215328,0.8617635994353636,0.880735923296653,0.9677083971963069,0.9721150863367728,0.9653934581221685,0.9694925039989989,4166,614,22367,692,207,728
13,PZA,MTBC-CRyPTICv3.4.0-2025.8,0.875632975491189,0.9667617565698479,0.9756377285049003,0.8668538199318228,0.967671417160634,0.8661347339911382,0.8845471146195808,0.9643733170961221,0.9689952212508443,0.9737918671225652,0.9773566072745725,4323,614,22367,769,50,651
14,PZA,WHOv1,0.8631872852233677,0.9680400462071621,0.9741085702370196,0.8058953278524162,0.9685962920923193,0.8530164968643372,0.8727592682313088,0.9657070391536875,0.9702192295229768,0.9722093414454285,0.9758812246605011,4019,637,22626,747,331,414
15,PZA,WHOv2,0.8654774396642183,0.9696064202168531,0.9797386529505804,0.8269500701824745,0.9700676840290915,0.855494287201844,0.87487178390284,0.9673299539840605,0.9717288970401681,0.978045528016385,0.981303700434447,4124,641,22714,712,222,361
16,LEV,MTBC-CRyPTICv1.1.1-2025.8,0.9195626708317064,0.9725520564446739,0.9318659658344284,0.8860045146726863,0.9746059544658494,0.9083901657077901,0.9294783865995729,0.969421875179644,0.9753699524834007,0.9277528856666161,0.9357610989974326,2355,206,11303,319,97,940
17,LEV,MTBC-CRyPTICv3.4.0-2025.8,0.91943684004693,0.9734877734877735,0.9337713534822601,0.8844996237772762,0.975402006049992,0.9082477912980103,0.9293675138633661,0.9704114518776444,0.9762520771687834,0.9297100913019831,0.9376137070780639,2351,206,11346,309,101,907
18,LEV,WHOv1,0.9201565557729942,0.9699600625108525,0.9246386333771354,0.8844996237772762,0.9724566151886642,0.909004753275098,0.9300468388424921,0.9666826053607436,0.9729241440197571,0.9203369071660911,0.9287260599545154,2351,204,11172,346,103,1044
19,LEV,WHOv2,0.9207151185386708,0.9684575389948007,0.9272667542706965,0.8912716328066215,0.9710237223372075,0.9096372276242011,0.9305386367422566,0.965109527717161,0.9714937718489906,0.9230322397705124,0.9312856428204368,2369,204,11176,364,85,1022
20,MXF,MTBC-CRyPTICv1.1.1-2025.8,0.9421667119196308,0.9368404636897645,0.9318967269770279,0.9102833158447009,0.9415387576384545,0.9341570962419615,0.9492549073329938,0.9333150717917877,0.9401914240634164,0.9286803843180051,0.9349781760074825,3470,213,18022,1215,129,1546
21,MXF,MTBC-CRyPTICv3.4.0-2025.8,0.9416870084079197,0.9373323705384774,0.9381988208985567,0.9108079748163693,0.9415387576384545,0.9336533403920634,0.948801253320202,0.9338334379053269,0.9406580350169816,0.9351205121558468,0.9411402676895704,3472,215,18173,1215,125,1395
22,MXF,WHOv1,0.9429657794676806,0.9323083493487081,0.911323439723521,0.9108079748163693,0.9389885964490209,0.9350031036494172,0.9500051194236651,0.9286214678192105,0.9358179562438623,0.9077061465801844,0.9148122648608884,3472,210,17464,1268,130,2051
23,MXF,WHOv2,0.9427954668105775,0.9318576160681424,0.9239682862370401,0.916579223504722,0.9376413414810182,0.934849919666634,0.9498240041196675,0.928188431712168,0.9353523823959669,0.9205892148737861,0.9272149402492097,3494,212,17723,1296,106,1764
24,BDQ,MTBC-CRyPTICv1.1.1-2025.8,0.6896,0.9898653539887071,0.9291505791505792,0.43890020366598775,0.9903832944085726,0.6522625162397198,0.7246210315538069,0.9880536093909013,0.9914047264377023,0.9250096440732108,0.9330793962284104,431,194,13674,140,357,744
25,BDQ,MTBC-CRyPTICv3.4.0-2025.8,0.7925133689839572,0.9845910138248848,0.9538610038610038,0.754582484725051,0.985300178595961,0.7653500667868609,0.8172829165148165,0.9824043821052607,0.9865096412730802,0.950448970026438,0.9570487059740618,741,194,13674,214,47,670
26,BDQ,WHOv1,0.0,1.0,1.0,0.0,1.0,-4.336808689942018e-19,0.003896629408636806,0.9997361969067197,0.9999999999999999,0.9997528629695002,1.0,0,982,14558,0,0,0
27,BDQ,WHOv2,0.7541766109785203,0.984212389380531,0.9628700128700128,0.6435845213849287,0.9846819618079407,0.7239078420491122,0.7821256818839669,0.9820211209472717,0.9861403549860678,0.9597809662214752,0.9657302748775741,632,206,13902,223,144,433
28,LZD,MTBC-CRyPTICv1.1.1-2025.8,0.2982456140350877,0.9976921425504508,0.9963766213306727,0.29737609329446063,0.9977005347593583,0.2522187877548622,0.34875444295445,0.9968930232219194,0.9982860804950114,0.9954173502713762,0.9971356691293808,102,240,18589,43,1,68
29,LZD,MTBC-CRyPTICv3.4.0-2025.8,0.30116959064327486,0.997680565294784,0.9914929370372315,0.30029154518950435,0.9977005347593583,0.254977194544375,0.351779032821324,0.9968774444241767,0.9982774805089728,0.9900857677057566,0.9927018530381084,103,239,18496,43,1,161
30,LZD,WHOv1,0.2991202346041056,0.997680565294784,0.9914404243028935,0.29737609329446063,0.9977005347593583,0.25297996874574724,0.3497360142206879,0.9968774444241767,0.9982774805089728,0.9900292930666376,0.9926533233905944,102,239,18496,43,2,161
31,LZD,WHOv2,0.2991202346041056,0.997680565294784,0.9914404243028935,0.29737609329446063,0.9977005347593583,0.25297996874574724,0.3497360142206879,0.9968774444241767,0.9982774805089728,0.9900292930666376,0.9926533233905944,102,239,18496,43,2,161
32,CFZ,MTBC-CRyPTICv1.1.1-2025.8,0.19402985074626866,0.9870471431389309,0.9644125934092858,0.1867145421903052,0.9875071342507451,0.16277745730920068,0.22963675126875943,0.9851231736732918,0.9887251399440161,0.9614598163803796,0.9671468720702938,104,432,15012,197,21,560
33,CFZ,MTBC-CRyPTICv3.4.0-2025.8,0.17714285714285713,0.9913491382156772,0.9596961901261791,0.16696588868940754,0.9916925613545564,0.14686427167228844,0.21211185558527718,0.9897444801083642,0.9927045697781461,0.9565696563256689,0.9626064445477556,93,432,15012,131,32,626
34,CFZ,WHOv1,0.0,1.0,1.0,0.0,1.0,0.0,0.006849455867210193,0.9997564510598345,1.0,0.9997647583517343,1.0000000000000002,0,557,15769,0,0,0
35,CFZ,WHOv2,0.15789473684210525,0.985688025210084,0.9644125934092858,0.14542190305206462,0.986175407444987,0.1288981294030691,0.19197678492579262,0.9836756274277138,0.9874555070088388,0.9614598163803796,0.9671468720702938,81,432,15014,218,44,537
36,DLM,MTBC-CRyPTICv1.1.1-2025.8,0.2894736842105263,0.9993631384537002,0.5992777067188323,0.17277486910994763,0.999618320610687,0.2141664546344168,0.37850661237983235,0.998509902538465,0.9997279411031593,0.5909190230504104,0.607579019079239,33,81,7846,5,77,5249
37,DLM,MTBC-CRyPTICv3.4.0-2025.8,0.325,0.9989814107461167,0.599954856669927,0.20418848167539266,0.9993893129770992,0.2477585491060195,0.41309815914052683,0.9979911797003184,0.9994837682323076,0.5915983168204165,0.6082536338951873,39,81,7846,8,71,5246
38,DLM,WHOv1,0.06832298136645963,0.9997686613201727,0.9878113008802949,0.05759162303664921,0.9997709923664122,0.03857558367179726,0.1181899473151804,0.9993200004528026,0.9999213209238166,0.98579984666238,0.9895408552304444,11,150,12965,3,30,132
39,DLM,WHOv2,0.14772727272727273,0.9995374296507594,0.9891656007824844,0.13612565445026178,0.9995419847328244,0.10285000176064221,0.20765381191431967,0.9989910802373322,0.9997879831623272,0.9872588729404764,0.990789646124257,26,150,12965,6,15,129
40,AMI,MTBC-CRyPTICv1.1.1-2025.8,0.8778032036613272,0.9840616516332429,0.9262289013917678,0.8566324251898169,0.9853089558865077,0.8634036559937888,0.8908766475643899,0.9823540952537377,0.9856063925142884,0.9230509143095501,0.9292856930350425,1918,267,22474,364,54,1939
41,AMI,MTBC-CRyPTICv3.4.0-2025.8,0.8777472527472527,0.9842340369624245,0.9260438258809595,0.8561857972309067,0.9854703959317108,0.8633416578962776,0.8908263341891245,0.9825349483329956,0.9857702235841549,0.9228622708648384,0.9291042380831653,1917,267,22474,360,55,1943
42,AMI,WHOv1,0.8774104683195593,0.9843202522775053,0.925747705063666,0.8535060294774452,0.9855511159543124,0.8629684845886181,0.8905234766873389,0.9826254177795003,0.9858521414942069,0.9225604531862589,0.9288138983272022,1911,267,22474,358,61,1945
43,AMI,WHOv2,0.8702185792349727,0.9843974722161691,0.9305966834468463,0.8535060294774452,0.9855511159543124,0.8555137961577121,0.8836303787464544,0.9827109073500312,0.9859218682908492,0.9275046027400635,0.9335663267640308,1911,285,22587,358,43,1832
44,STM,MTBC-CRyPTICv1.1.1-2025.8,0.952629745733194,0.9142775502428803,0.9040859496771321,0.886116960959015,0.923670596217454,0.9468261004169515,0.9578281677617017,0.9087698503000154,0.9194822026426901,0.8996929676998681,0.9083061474566655,5470,272,9599,900,431,1292
45,STM,MTBC-CRyPTICv3.4.0-2025.8,0.9534804173080212,0.9091596559221098,0.9143843242039634,0.9031265187105135,0.9184971588499703,0.9477779638670574,0.9585873918383563,0.9035338403787673,0.9144884302642909,0.9102036610961505,0.9183877996043915,5575,272,9618,961,326,1212
46,STM,WHOv1,0.9483612804878049,0.9335960591133005,0.8571587619683813,0.806253037421027,0.9428377576117377,0.9420393099998443,0.9540273433634383,0.9285862984585437,0.9382777387333759,0.8519655144146374,0.8621992910467651,4977,271,9476,674,925,1641
47,STM,WHOv2,0.9481934620531447,0.9351623408664759,0.8552660877310176,0.8034991090231653,0.9442795352387414,0.9418516143978685,0.9538775183534295,0.9302010826260857,0.9397937807468678,0.8500451584206011,0.8603351078597402,4960,271,9476,657,942,1658
48,ETH,MTBC-CRyPTICv1.1.1-2025.8,0.8985714285714286,0.8667537557152188,0.8933409161410403,0.7982233502538071,0.8807947019867549,0.8881287658374408,0.9081401386748784,0.8609770766040498,0.8723259966553295,0.8889123850149222,0.8976132376822646,3145,355,11943,1836,440,1623
49,ETH,MTBC-CRyPTICv3.4.0-2025.8,0.8879518072289156,0.9004632981033734,0.8858442767035467,0.7482233502538072,0.9107258797558758,0.8767708542691615,0.8982360261474425,0.8953589774506894,0.905344955430031,0.8812859346643344,0.8902493863384396,2948,372,12439,1375,620,1588
50,ETH,WHOv1,0.8913708690330477,0.901290468643876,0.8540481852962465,0.7393401015228427,0.9150759641604986,0.880239080405747,0.9015836430345286,0.8960950698970137,0.906253266975981,0.8490023043922065,0.8589534611480584,2913,355,11943,1308,672,2151
51,ETH,WHOv2,0.8874801901743264,0.899059089198344,0.8499638093268534,0.7106598984771574,0.9129333852746396,0.8759789976164711,0.8980389554443335,0.893820518963588,0.9040669442028927,0.8448617003970894,0.8549269352544954,2800,355,11944,1341,785,2117
52,KAN,MTBC-CRyPTICv1.1.1-2025.8,0.8469425119004028,0.9731376869345084,0.9177314161485945,0.8173144876325088,0.9755013040318098,0.8329525244879046,0.8599578429076349,0.9708813109801221,0.9752236806580837,0.914343958858031,0.920996484106502,2313,418,20758,573,99,2058
53,KAN,MTBC-CRyPTICv3.4.0-2025.8,0.8248831355627472,0.9772270596115205,0.96021968801251,0.8106007067137809,0.9781948779340716,0.8103119909463994,0.8385579812656692,0.9751898689476507,0.9791005589433194,0.957785783193625,0.9625187550425347,2294,487,21885,510,49,994
54,KAN,WHOv1,0.8249279538904899,0.976918506330271,0.9403486021587398,0.8091872791519434,0.9784086536406003,0.8103446545659322,0.8386132182925149,0.9748434627150955,0.9788261070832989,0.9374167957344348,0.9431513927382442,2290,486,21374,505,54,1510
55,KAN,WHOv2,0.8252252252252252,0.9767463277616614,0.9341317365269461,0.8091872791519434,0.9784086536406003,0.8106482476481736,0.8389030228176195,0.9746560148071632,0.9786680099207563,0.931065191389593,0.9370710872722466,2290,485,21212,505,55,1672
56,CAP,MTBC-CRyPTICv1.1.1-2025.8,0.8226902173913043,0.9777299333916437,0.928441514152552,0.7807865892972276,0.9793679486380353,0.8023466409509419,0.841353936995364,0.9752313137062244,0.9799816707958978,0.9245385838767106,0.9321573941657186,1211,261,14532,331,79,1180
57,CAP,MTBC-CRyPTICv3.4.0-2025.8,0.8249496981891348,0.977598385469223,0.9296351028759805,0.793036750483559,0.9792432836751231,0.8048325830540758,0.8433966952296966,0.9750931528035097,0.9798568370342445,0.9257613642469681,0.9333212701418249,1230,261,14532,333,60,1178
58,CAP,WHOv1,0.8039348710990502,0.9778991159646386,0.9581675571217461,0.7640232108317214,0.9788069563049305,0.782887822206724,0.823401840769033,0.9754539541037919,0.9801056699896382,0.9551078692980234,0.9610272167990873,1185,289,15044,340,77,659
59,CAP,WHOv2,0.8087649402390438,0.9774014978834256,0.9583380697965216,0.7852998065764023,0.9783706289347379,0.7881267454641696,0.8278319663375342,0.9749286436874438,0.979635542635352,0.9552841121940583,0.9611919248096759,1218,288,15008,347,45,688
