,DRUG,BACKGROUND_RATE,conf_level,SENSITIVITY,SPECIFICITY,DPR,SENSITIVITY2,SPECIFICITY2
0,RIF,0.05,0.9,0.9608411892675852,0.9512465735543663,0.9718960856736066,0.9581881533101045,0.9775351858534825
1,RIF,0.05,0.95,0.9608334432282738,0.9514233481326717,0.9691310896972949,0.9579909276181711,0.9776254059906171
2,RIF,0.1,0.9,0.960702727693019,0.9514029694551639,0.9745785444565958,0.956281638288081,0.977655479369662
3,RIF,0.1,0.95,0.9607558139534884,0.9515770187148279,0.9733404865567546,0.9560186706988364,0.9777456995067966
4,RIF,0.15,0.9,0.9600580973129993,0.9515770187148279,0.9809958112374388,0.9560186706988364,0.9777456995067966
5,RIF,0.15,0.95,0.9600528227137669,0.9516329602722692,0.9794069702659761,0.955887186904214,0.9777757728858415
6,RIF,0.2,0.9,0.9600528227137669,0.9516329602722692,0.9820894290489652,0.955887186904214,0.9777757728858415
7,RIF,0.2,0.95,0.9598832968636032,0.9557638980588934,0.9781895466644657,0.9516797054763001,0.9798508360399375
8,RIF,0.25,0.9,0.9595155246252677,0.9650693229236775,0.9747023502465799,0.9426730655446717,0.9843919162757128
9,RIF,0.25,0.95,0.9594531197640909,0.9652103559870551,0.9728658976951489,0.941161001906515,0.9844821364128473
10,INH,0.05,0.9,0.9483015653285061,0.9718978500491106,0.9545529460238978,0.9430295970773548,0.9826324486561225
11,INH,0.05,0.95,0.9487234269842966,0.9731536269997808,0.9365883807169345,0.9404352199925875,0.9834755336728156
12,INH,0.1,0.9,0.9469284288873308,0.9739820259624986,0.9582200247218788,0.929581193413459,0.9841837250868377
13,INH,0.1,0.95,0.9468911917098446,0.974233673922701,0.9572517511330861,0.9288928892889289,0.9843523420901764
14,INH,0.15,0.9,0.9467465199093558,0.9742379656876353,0.9602389781623404,0.929051728702282,0.9843523420901764
15,INH,0.15,0.95,0.9467337226908934,0.9748858447488584,0.957560774618871,0.926933869857574,0.9847907462988568
16,INH,0.2,0.9,0.9462923900697712,0.9764482643152137,0.9611454470539761,0.9263514586752792,0.9857687249182208
17,INH,0.2,0.95,0.9462616822429907,0.9771082309375526,0.9571693448702101,0.9220627945147456,0.9862408525275689
18,INH,0.25,0.9,0.9459591570714752,0.9771107994389902,0.9606716110424393,0.922168687456981,0.9862408525275689
19,INH,0.25,0.95,0.945779185322704,0.977097083544875,0.957457766790276,0.9170858262296818,0.9863082993289043
20,EMB,0.05,0.9,0.9494773519163763,0.6623352341778068,0.8399412628487518,0.9374173061656523,0.8937115616631846
21,EMB,0.05,0.95,0.9493755874848933,0.6624191886067647,0.8376302929635782,0.9354326541413073,0.8939763999646883
22,EMB,0.1,0.9,0.949150256271918,0.6626177024482109,0.8406875135408391,0.9310664196877481,0.8945649295235854
23,EMB,0.1,0.95,0.9488258449843898,0.6662218833396873,0.8360655737704918,0.9248478433448002,0.8969484742371185
24,EMB,0.15,0.9,0.9473684210526315,0.6801595214356929,0.8332731518259069,0.9026197406721355,0.9055998587529058
25,EMB,0.15,0.95,0.9469781757134863,0.6827718378051241,0.8290363737030885,0.8956073035194496,0.9074537268634317
26,EMB,0.2,0.9,0.9430916933351885,0.68278432557671,0.9129534676584579,0.8967980947340566,0.9073360209516523
27,EMB,0.2,0.95,0.9450580978338833,0.6897707046382577,0.8233311667990659,0.8716591690923525,0.9128093458493953
28,EMB,0.25,0.9,0.9363264153607228,0.6918422699770499,0.9156977443971016,0.8774808150304313,0.913074184150899
29,EMB,0.25,0.95,0.9365056407289557,0.6942955179069269,0.9047206374425266,0.8567081238422863,0.916105111379219
30,PZA,0.05,0.9,0.875632975491189,0.8489787902592302,0.9756377285049003,0.8668538199318228,0.967671417160634
31,PZA,0.05,0.95,0.8752032520325204,0.8514929800276844,0.9744213526099952,0.8634449568879086,0.9684281330138311
32,PZA,0.1,0.9,0.8670694864048338,0.8471431583386042,0.9666713004795996,0.805694806496892,0.9695211670240047
33,PZA,0.1,0.95,0.8664353859496965,0.8522072936660269,0.9647946062417461,0.8012833366753559,0.9708664396519107
34,PZA,0.15,0.9,0.8638732088580113,0.8592096739365148,0.970320428164315,0.7978744736314417,0.9725900702064153
35,PZA,0.15,0.95,0.8626806833114323,0.8659045944163553,0.9662542573156322,0.7898536194104672,0.9743557405305419
36,PZA,0.2,0.9,0.8614404918752745,0.8741087344028521,0.9670188364495725,0.7866452777220774,0.9762475301635347
37,PZA,0.2,0.95,0.8608599779492834,0.8778952102541039,0.9655939389726836,0.7828353719671145,0.9771724050952201
38,PZA,0.25,0.9,0.8606756458379333,0.8791159224176816,0.9651421422117189,0.7816322438339683,0.9774666834825745
39,PZA,0.25,0.95,0.856001825650388,0.8846698113207547,0.9583999443942448,0.7521556045718869,0.9794425526548115
40,LEV,0.05,0.9,0.9264649559555725,0.8213921901528014,0.9254270696452037,0.9100827689992476,0.9581276866740965
41,LEV,0.05,0.95,0.927007299270073,0.8243935770413393,0.9157687253613667,0.9078254326561325,0.9590829485750677
42,LEV,0.1,0.9,0.9246601941747573,0.8651889534883721,0.9232588699080158,0.8957863054928518,0.9704664862283076
43,LEV,0.1,0.95,0.9245723172628305,0.8675665815395841,0.9204993429697766,0.8946576373212942,0.9711033274956217
44,LEV,0.15,0.9,0.9242779078844653,0.8776871756856931,0.9235216819973718,0.890895410082769,0.9737302977232924
45,LEV,0.15,0.95,0.923921568627451,0.8817365269461078,0.9180026281208936,0.8863807373965388,0.9748447699410921
46,LEV,0.2,0.9,0.9197965571205008,0.8838345864661654,0.9312089356110381,0.8844996237772762,0.975402006049992
47,LEV,0.2,0.95,0.9197965571205008,0.8838345864661654,0.9293692509855453,0.8844996237772762,0.975402006049992
48,LEV,0.25,0.9,0.91943684004693,0.8838345864661654,0.9337713534822601,0.8844996237772762,0.975402006049992
49,LEV,0.25,0.95,0.9197337509788567,0.8837471783295711,0.93107752956636,0.8837471783295711,0.975402006049992
50,MXF,0.05,0.9,0.9444147514698022,0.7295623451692815,0.9227078674527343,0.9270724029380902,0.9369677139970168
51,MXF,0.05,0.95,0.9443552701979668,0.7300930713547052,0.9196178084976622,0.9260230849947534,0.937208295241303
52,MXF,0.1,0.9,0.9429494079655544,0.7339757017176372,0.9294572067493393,0.919202518363064,0.9388923639513064
53,MXF,0.1,0.95,0.9427491223332433,0.7368087800759814,0.9254319983736532,0.9157922350472193,0.9399990376750229
54,MXF,0.15,0.9,0.9424012979989184,0.7383474576271186,0.9338483431591786,0.914218258132214,0.9405764326613097
55,MXF,0.15,0.95,0.9426096372495939,0.7392781316348195,0.9288879853628786,0.9134312696747114,0.9409132464033104
56,MXF,0.2,0.9,0.9423545331529093,0.7392781316348195,0.9364098393982517,0.9134312696747114,0.9409132464033104
57,MXF,0.2,0.95,0.9421981004070556,0.7407723490505654,0.9325066070339499,0.9108079748163693,0.9415387576384545
58,MXF,0.25,0.9,0.9416870084079197,0.7407723490505654,0.9381988208985567,0.9108079748163693,0.9415387576384545
59,MXF,0.25,0.95,0.9421667119196308,0.7406616862326574,0.9353933726367147,0.9102833158447009,0.9415387576384545
60,BDQ,0.05,0.9,0.7925133689839572,0.7759162303664922,0.9538610038610038,0.754582484725051,0.985300178595961
61,BDQ,0.05,0.95,0.7889009793253536,0.7829373650107991,0.951994851994852,0.7382892057026477,0.9861931584008793
62,BDQ,0.1,0.9,0.7596266044340724,0.7713270142180095,0.9620978120978121,0.6629327902240326,0.986742684434675
63,BDQ,0.1,0.95,0.7590643274853801,0.7726190476190476,0.9618404118404118,0.6608961303462322,0.986880065943124
64,BDQ,0.15,0.9,0.7572928821470245,0.7726190476190476,0.9703346203346204,0.6608961303462322,0.986880065943124
65,BDQ,0.15,0.95,0.755608028335301,0.7738814993954051,0.964993564993565,0.6517311608961304,0.9871548289600219
66,BDQ,0.2,0.9,0.7547169811320755,0.7738814993954051,0.9694980694980695,0.6517311608961304,0.9871548289600219
67,BDQ,0.2,0.95,0.7535545023696683,0.7775061124694377,0.9689189189189189,0.6476578411405295,0.9874982827311444
68,BDQ,0.25,0.9,0.7535545023696683,0.7775061124694377,0.9704633204633205,0.6476578411405295,0.9874982827311444
69,BDQ,0.25,0.95,0.7245033112582782,0.7769886363636364,0.9631274131274131,0.5570264765784114,0.9892155515867564
70,LZD,0.05,0.9,0.30116959064327486,0.7054794520547946,0.9914929370372315,0.30029154518950435,0.9977005347593583
71,LZD,0.05,0.95,0.30116959064327486,0.7054794520547946,0.9914929370372315,0.30029154518950435,0.9977005347593583
72,LZD,0.1,0.9,0.2991202346041056,0.7034482758620689,0.9914404243028935,0.29737609329446063,0.9977005347593583
73,LZD,0.1,0.95,0.2991202346041056,0.7034482758620689,0.9914404243028935,0.29737609329446063,0.9977005347593583
74,LZD,0.15,0.9,0.2982456140350877,0.7034482758620689,0.9963766213306727,0.29737609329446063,0.9977005347593583
75,LZD,0.15,0.95,0.2991202346041056,0.7034482758620689,0.9927532426613453,0.29737609329446063,0.9977005347593583
76,LZD,0.2,0.9,0.2982456140350877,0.7034482758620689,0.9963766213306727,0.29737609329446063,0.9977005347593583
77,LZD,0.2,0.95,0.2982456140350877,0.7034482758620689,0.9963766213306727,0.29737609329446063,0.9977005347593583
78,LZD,0.25,0.9,0.2982456140350877,0.7034482758620689,0.9963766213306727,0.29737609329446063,0.9977005347593583
79,LZD,0.25,0.95,0.2982456140350877,0.7034482758620689,0.9963766213306727,0.29737609329446063,0.9977005347593583
80,CFZ,0.05,0.9,0.17714285714285713,0.41517857142857145,0.9596961901261791,0.16696588868940754,0.9916925613545564
81,CFZ,0.05,0.95,0.16279069767441862,0.4117647058823529,0.9584711503123852,0.15080789946140036,0.9923901325385249
82,CFZ,0.1,0.9,0.09603340292275574,0.37398373983739835,0.9611049859120422,0.08258527827648116,0.9951170017122202
83,CFZ,0.1,0.95,0.09224318658280922,0.3728813559322034,0.9589611662379027,0.07899461400359066,0.9953072483987571
84,CFZ,0.15,0.9,0.09224318658280922,0.3728813559322034,0.9620237657723876,0.07899461400359066,0.9953072483987571
85,CFZ,0.15,0.95,0.05043859649122807,0.45098039215686275,0.9566948425823839,0.04129263913824058,0.9982243642589892
86,CFZ,0.2,0.9,0.05,0.45098039215686275,0.9616562538282494,0.04129263913824058,0.9982243642589892
87,CFZ,0.2,0.95,0.05,0.45098039215686275,0.9607987259585936,0.04129263913824058,0.9982243642589892
88,CFZ,0.25,0.9,0.05,0.45098039215686275,0.9616562538282494,0.04129263913824058,0.9982243642589892
89,CFZ,0.25,0.95,0.006818181818181818,0.75,0.9587774102658336,0.005385996409335727,0.9999365844378211
90,DLM,0.05,0.9,0.325,0.8297872340425532,0.599954856669927,0.20418848167539266,0.9993893129770992
91,DLM,0.05,0.95,0.2956521739130435,0.918918918918919,0.5992024678353773,0.17801047120418848,0.9997709923664122
92,DLM,0.1,0.9,0.20952380952380953,0.88,0.6035663230757655,0.11518324607329843,0.9997709923664122
93,DLM,0.1,0.95,0.20952380952380953,0.88,0.6035663230757655,0.11518324607329843,0.9997709923664122
94,DLM,0.15,0.9,0.20952380952380953,0.88,0.6035663230757655,0.11518324607329843,0.9997709923664122
95,DLM,0.15,0.95,0.20952380952380953,0.88,0.6035663230757655,0.11518324607329843,0.9997709923664122
96,DLM,0.2,0.9,0.20952380952380953,0.88,0.6035663230757655,0.11518324607329843,0.9997709923664122
97,DLM,0.2,0.95,0.20952380952380953,0.88,0.6035663230757655,0.11518324607329843,0.9997709923664122
98,DLM,0.25,0.9,0.20952380952380953,0.88,0.6035663230757655,0.11518324607329843,0.9997709923664122
99,DLM,0.25,0.95,0.14432989690721648,0.8235294117647058,0.6029644120081258,0.07329842931937172,0.9997709923664122
100,AMI,0.05,0.9,0.8777472527472527,0.841897233201581,0.9260438258809595,0.8561857972309067,0.9854703959317108
101,AMI,0.05,0.95,0.8776351970669111,0.8424989001319841,0.9258957654723127,0.8552925413130862,0.9855511159543124
102,AMI,0.1,0.9,0.8623646209386282,0.8422212428382547,0.9580989043529761,0.8535060294774452,0.9855511159543124
103,AMI,0.1,0.95,0.8623646209386282,0.8422212428382547,0.9568774059816405,0.8535060294774452,0.9855511159543124
104,AMI,0.15,0.9,0.8612115732368897,0.8474199288256228,0.9615042937518508,0.8508262617239839,0.9861565161238245
105,AMI,0.15,0.95,0.8616010854816825,0.8474199288256228,0.9605419010956471,0.8508262617239839,0.9861565161238245
106,AMI,0.2,0.9,0.8612115732368897,0.8474199288256228,0.9631699733491265,0.8508262617239839,0.9861565161238245
107,AMI,0.2,0.95,0.8612115732368897,0.8474199288256228,0.9615042937518508,0.8508262617239839,0.9861565161238245
108,AMI,0.25,0.9,0.8604336043360433,0.8474199288256228,0.9662052117263844,0.8508262617239839,0.9861565161238245
109,AMI,0.25,0.95,0.8612115732368897,0.8474199288256228,0.9636141545750666,0.8508262617239839,0.9861565161238245
110,STM,0.05,0.9,0.9555081267443769,0.8264697529111048,0.9345914050322868,0.9428154867973433,0.896361631753032
111,STM,0.05,0.95,0.9553026554510968,0.8289680835837985,0.9315297261189045,0.938279604730277,0.8986515138665083
112,STM,0.1,0.9,0.9543700721355477,0.8341642228739002,0.9250167000668003,0.9215940385549976,0.9040793825799338
113,STM,0.1,0.95,0.9542616033755275,0.8398692810457516,0.9173346693386774,0.9159241859711648,0.9085743363582394
114,STM,0.15,0.9,0.9534804173080212,0.85296817625459,0.9143843242039634,0.9031265187105135,0.9184971588499703
115,STM,0.15,0.95,0.9530224525043178,0.8582983356665111,0.906312625250501,0.8938927587882715,0.922737681282334
116,STM,0.2,0.9,0.9529411764705882,0.8596847198376776,0.9072032954798486,0.8922728009071764,0.9237554066661012
117,STM,0.2,0.95,0.9521968365553602,0.8667413213885778,0.8985192607437097,0.8776931799773205,0.9293528962768213
118,STM,0.25,0.9,0.9512883868690434,0.8693548387096774,0.8982965931863728,0.8731572979102543,0.9313035365957086
119,STM,0.25,0.95,0.9506978430306325,0.8778242677824267,0.8831551992874638,0.8496679086343755,0.9380883724874904
120,ETH,0.05,0.9,0.9013888888888889,0.6331707317073171,0.9007858546168959,0.8236040609137056,0.877937930138943
121,ETH,0.05,0.95,0.8993478877232776,0.6405492730210016,0.8918415882535415,0.8050761421319796,0.8844305934294248
122,ETH,0.1,0.9,0.8879518072289156,0.6819338422391857,0.8858442767035467,0.7482233502538072,0.9107258797558758
123,ETH,0.1,0.95,0.8869300911854103,0.687396937573616,0.8818116016957915,0.7406091370558375,0.9138423581353071
124,ETH,0.15,0.9,0.8813880126182966,0.7133009956599439,0.8707992968669217,0.7091370558375635,0.9270873912478899
125,ETH,0.15,0.95,0.8789932236205228,0.7183544303797469,0.8627856478130493,0.6913705583756345,0.9306583560576549
126,ETH,0.2,0.9,0.8673597983616887,0.7286924298570673,0.8852238651638921,0.6987309644670051,0.933450201272562
127,ETH,0.2,0.95,0.8656668793873644,0.7328471096704484,0.8805707786164823,0.6885786802030457,0.9357875600571355
128,ETH,0.25,0.9,0.8626427406199021,0.7389603130240358,0.8759176920690724,0.6710659898477157,0.9393585248669004
129,ETH,0.25,0.95,0.8544763221569305,0.7481840193704601,0.8607176093475338,0.6274111675126903,0.9459810414231918
130,KAN,0.05,0.9,0.8515097690941386,0.609148665819568,0.953812120980968,0.8469964664310954,0.9342425926717688
131,KAN,0.05,0.95,0.8512455516014235,0.6095820591233435,0.9533925779015218,0.8452296819787986,0.9344991235196032
132,KAN,0.1,0.9,0.8263665594855305,0.8022892819979188,0.9559479766581487,0.8173144876325088,0.9756295694557271
133,KAN,0.1,0.95,0.8262424025741866,0.8027092740534908,0.95579541553835,0.8166077738515901,0.9757150797383385
134,KAN,0.15,0.9,0.8259471050750536,0.8027092740534908,0.9608299324917045,0.8166077738515901,0.9757150797383385
135,KAN,0.15,0.95,0.8248831355627472,0.81811697574893,0.9564056600175446,0.8106007067137809,0.9781948779340716
136,KAN,0.2,0.9,0.8248831355627472,0.81811697574893,0.96021968801251,0.8106007067137809,0.9781948779340716
137,KAN,0.2,0.95,0.8246308966510623,0.8193202146690519,0.9576261489759335,0.8091872791519434,0.9784086536406003
138,KAN,0.25,0.9,0.8234448040273283,0.8193202146690519,0.9632709104084825,0.8091872791519434,0.9784086536406003
139,KAN,0.25,0.95,0.8246308966510623,0.8193202146690519,0.9603341088523589,0.8091872791519434,0.9784086536406003
140,CAP,0.05,0.9,0.8249496981891348,0.7869481765834933,0.9296351028759805,0.793036750483559,0.9792432836751231
141,CAP,0.05,0.95,0.8242424242424242,0.788659793814433,0.929009889735137,0.7891682785299806,0.9795549460824036
142,CAP,0.1,0.9,0.8040816326530612,0.7833001988071571,0.9549846538592702,0.7620889748549323,0.9796172785638596
143,CAP,0.1,0.95,0.8040816326530612,0.7833001988071571,0.9549846538592702,0.7620889748549323,0.9796172785638596
144,CAP,0.15,0.9,0.8035350101971448,0.7833001988071571,0.958281232238263,0.7620889748549323,0.9796172785638596
145,CAP,0.15,0.95,0.8035350101971448,0.7833001988071571,0.9572581561896101,0.7620889748549323,0.9796172785638596
146,CAP,0.2,0.9,0.8029891304347826,0.7833001988071571,0.9603842218938274,0.7620889748549323,0.9796172785638596
147,CAP,0.2,0.95,0.8035350101971448,0.7833001988071571,0.958281232238263,0.7620889748549323,0.9796172785638596
148,CAP,0.25,0.9,0.8013559322033899,0.7833001988071571,0.9649312265545072,0.7620889748549323,0.9796172785638596
149,CAP,0.25,0.95,0.8004101161995899,0.7822311289245157,0.9619756735250654,0.754996776273372,0.9796796110453158
