DRUG,GENE,R,S,U,U_missed,Total,BACKGROUND_RATE,conf_level,catalogue
RIF,rpoB,42,16,352,648,410,0.2,0.9,MTBC-CRyPTICv1.1.1-2025.8
INH,katG,50,7,426,776,483,0.25,0.9,MTBC-CRyPTICv1.1.1-2025.8
INH,inhA,4,5,52,64,61,0.25,0.9,MTBC-CRyPTICv1.1.1-2025.8
INH,ahpC,3,7,96,110,106,0.25,0.9,MTBC-CRyPTICv1.1.1-2025.8
INH,fabG1,5,4,52,60,61,0.25,0.9,MTBC-CRyPTICv1.1.1-2025.8
STM,gid,102,5,369,608,476,0.15,0.9,MTBC-CRyPTICv1.1.1-2025.8
STM,rpsL,5,0,20,65,25,0.15,0.9,MTBC-CRyPTICv1.1.1-2025.8
STM,rrs,8,3,153,485,164,0.15,0.9,MTBC-CRyPTICv1.1.1-2025.8
LEV,gyrA,10,13,187,630,210,0.25,0.9,MTBC-CRyPTICv1.1.1-2025.8
LEV,gyrB,3,6,143,475,152,0.25,0.9,MTBC-CRyPTICv1.1.1-2025.8
MXF,gyrA,9,15,282,534,306,0.25,0.95,MTBC-CRyPTICv1.1.1-2025.8
MXF,gyrB,2,7,207,411,216,0.25,0.95,MTBC-CRyPTICv1.1.1-2025.8
EMB,embA,2,30,520,376,552,0.25,0.9,MTBC-CRyPTICv1.1.1-2025.8
EMB,embB,18,28,536,363,582,0.25,0.9,MTBC-CRyPTICv1.1.1-2025.8
PZA,pncA,440,0,143,536,583,0.05,0.9,MTBC-CRyPTICv1.1.1-2025.8
AMI,eis,4,3,138,278,145,0.05,0.9,MTBC-CRyPTICv1.1.1-2025.8
AMI,rrs,7,3,245,394,255,0.05,0.9,MTBC-CRyPTICv1.1.1-2025.8
CAP,rrs,5,2,170,472,177,0.05,0.9,MTBC-CRyPTICv1.1.1-2025.8
CAP,tlyA,38,0,64,243,102,0.05,0.9,MTBC-CRyPTICv1.1.1-2025.8
ETH,ethA,283,0,276,957,559,0.05,0.9,MTBC-CRyPTICv1.1.1-2025.8
ETH,fabG1,7,0,28,86,35,0.05,0.9,MTBC-CRyPTICv1.1.1-2025.8
ETH,inhA,8,0,21,96,29,0.05,0.9,MTBC-CRyPTICv1.1.1-2025.8
KAN,eis,7,2,130,284,139,0.1,0.9,MTBC-CRyPTICv1.1.1-2025.8
KAN,rrs,4,4,236,405,244,0.1,0.9,MTBC-CRyPTICv1.1.1-2025.8
BDQ,Rv0678,30,0,103,402,133,0.05,0.9,MTBC-CRyPTICv1.1.1-2025.8
BDQ,pepQ,3,0,61,172,64,0.05,0.9,MTBC-CRyPTICv1.1.1-2025.8
BDQ,atpE,1,0,8,32,9,0.05,0.9,MTBC-CRyPTICv1.1.1-2025.8
LZD,rplC,1,4,29,94,34,0.25,0.95,MTBC-CRyPTICv1.1.1-2025.8
DLM,ddn,15,0,45,146,60,0.05,0.9,MTBC-CRyPTICv1.1.1-2025.8
DLM,dprE1,3,0,62,150,65,0.05,0.9,MTBC-CRyPTICv1.1.1-2025.8
CFZ,Rv0678,40,0,104,391,144,0.05,0.9,MTBC-CRyPTICv1.1.1-2025.8
CFZ,pepQ,6,0,68,162,74,0.05,0.9,MTBC-CRyPTICv1.1.1-2025.8
