,GENBANK_REFERENCE,CATALOGUE_NAME,CATALOGUE_VERSION,CATALOGUE_GRAMMAR,PREDICTION_VALUES,DRUG,MUTATION,PREDICTION,SOURCE,EVIDENCE,OTHER
0,NC00962.3,BDQ-0.2-0.9,0.0,GARC1,RUS,BDQ,Rv0678@c-11a,S,{},"{""proportion"": 0.0502092050209205, ""confidence"": [0.03159761814141262, 0.07889030477694327], ""p_value"": 6.476190129562106e-11, ""contingency"": [[12, 227], [194, 13674]]}",{}
1,NC00962.3,BDQ-0.2-0.9,0.0,GARC1,RUS,BDQ,Rv0678@E55D,S,{},"{""proportion"": 0.0, ""confidence"": [-1.2064410726261401e-17, 0.13066758958023267], ""p_value"": 0.0342945392778281, ""contingency"": [[0, 18], [194, 13674]]}",{}
2,NC00962.3,BDQ-0.2-0.9,0.0,GARC1,RUS,BDQ,pepQ@A87G,S,{},"{""proportion"": 0.034482758620689655, ""confidence"": [0.007730807972738015, 0.14068309513251204], ""p_value"": 0.01970654941275736, ""contingency"": [[1, 28], [194, 13674]]}",{}
3,NC00962.3,BDQ-0.2-0.9,0.0,GARC1,RUS,BDQ,pepQ@F46L,S,{},"{""proportion"": 0.0, ""confidence"": [0.0, 0.10525136178999416], ""p_value"": 0.008403232430084423, ""contingency"": [[0, 23], [194, 13674]]}",{}
4,NC00962.3,BDQ-0.2-0.9,0.0,GARC1,RUS,BDQ,pepQ@V45L,S,{},"{""proportion"": 0.0, ""confidence"": [0.0, 0.12464757953733377], ""p_value"": 0.02106917361428725, ""contingency"": [[0, 19], [194, 13674]]}",{}
5,NC00962.3,BDQ-0.2-0.9,0.0,GARC1,RUS,BDQ,pepQ@G197R,S,{},"{""proportion"": 0.02564102564102564, ""confidence"": [0.005741254823767487, 0.10708651492522821], ""p_value"": 0.00394427613710848, ""contingency"": [[1, 38], [194, 13674]]}",{}
345,NC00962.3,BDQ-0.2-0.9,0.0,GARC1,RUS,BDQ,Rv0678@*=,S,{},"{""default_rule"": ""True""}",{}
351,NC00962.3,BDQ-0.2-0.9,0.0,GARC1,RUS,BDQ,pepQ@*=,S,{},"{""default_rule"": ""True""}",{}
358,NC00962.3,BDQ-0.2-0.9,0.0,GARC1,RUS,BDQ,mmpS5@*=,S,{},"{""default_rule"": ""True""}",{}
363,NC00962.3,BDQ-0.2-0.9,0.0,GARC1,RUS,BDQ,mmpL5@*=,S,{},"{""default_rule"": ""True""}",{}
369,NC00962.3,BDQ-0.2-0.9,0.0,GARC1,RUS,BDQ,atpE@*=,S,{},"{""default_rule"": ""True""}",{}
17,NC00962.3,BDQ-0.2-0.9,0.0,GARC1,RUS,BDQ,Rv0678@192_ins_g,R,{},"{""proportion"": 0.4470588235294118, ""confidence"": [0.36135229954092185, 0.5360316097816339], ""p_value"": 3.5541374947721786e-07, ""contingency"": [[38, 47], [208, 14031]]}",{}
24,NC00962.3,BDQ-0.2-0.9,0.0,GARC1,RUS,BDQ,Rv0678@I67L,R,{},"{""proportion"": 1.0, ""confidence"": [0.4250306090063464, 1.0], ""p_value"": 0.04000000000000001, ""contingency"": [[2, 0], [208, 14031]]}",{}
26,NC00962.3,BDQ-0.2-0.9,0.0,GARC1,RUS,BDQ,Rv0678@274_ins_a,R,{},"{""proportion"": 0.6666666666666666, ""confidence"": [0.34701476700031825, 0.8827239058977103], ""p_value"": 0.01696000000000001, ""contingency"": [[4, 2], [208, 14031]]}",{}
42,NC00962.3,BDQ-0.2-0.9,0.0,GARC1,RUS,BDQ,Rv0678@141_ins_c,R,{},"{""proportion"": 0.8011695906432749, ""confidence"": [0.7464474860423203, 0.8465099864244089], ""p_value"": 7.892889641256891e-64, ""contingency"": [[137, 34], [208, 14031]]}",{}
43,NC00962.3,BDQ-0.2-0.9,0.0,GARC1,RUS,BDQ,Rv0678@S2I,R,{},"{""proportion"": 0.75, ""confidence"": [0.3561680085985064, 0.9420926788001412], ""p_value"": 0.027200000000000005, ""contingency"": [[3, 1], [208, 14031]]}",{}
44,NC00962.3,BDQ-0.2-0.9,0.0,GARC1,RUS,BDQ,Rv0678@138_ins_g,R,{},"{""proportion"": 0.7924528301886793, ""confidence"": [0.6877506836333505, 0.8687468941264967], ""p_value"": 3.0748264280471667e-20, ""contingency"": [[42, 11], [208, 14031]]}",{}
51,NC00962.3,BDQ-0.2-0.9,0.0,GARC1,RUS,BDQ,Rv0678@R94W,R,{},"{""proportion"": 0.8, ""confidence"": [0.4352925534215433, 0.9540375461193962], ""p_value"": 0.006720000000000001, ""contingency"": [[4, 1], [208, 14031]]}",{}
61,NC00962.3,BDQ-0.2-0.9,0.0,GARC1,RUS,BDQ,Rv0678@Q115!,R,{},"{""proportion"": 0.5714285714285714, ""confidence"": [0.2894770910135929, 0.8135568096360438], ""p_value"": 0.03334400000000001, ""contingency"": [[4, 3], [208, 14031]]}",{}
63,NC00962.3,BDQ-0.2-0.9,0.0,GARC1,RUS,BDQ,Rv0678@M139I,R,{},"{""proportion"": 0.5, ""confidence"": [0.2486418902125082, 0.7513581097874918], ""p_value"": 0.05628160000000002, ""contingency"": [[4, 4], [208, 14031]]}",{}
67,NC00962.3,BDQ-0.2-0.9,0.0,GARC1,RUS,BDQ,Rv0678@465_ins_c,R,{},"{""proportion"": 0.75, ""confidence"": [0.3561680085985064, 0.9420926788001412], ""p_value"": 0.027200000000000005, ""contingency"": [[3, 1], [208, 14031]]}",{}
110,NC00962.3,BDQ-0.2-0.9,0.0,GARC1,RUS,BDQ,Rv0678@L40F,R,{},"{""proportion"": 1.0, ""confidence"": [0.4250306090063464, 1.0], ""p_value"": 0.04000000000000001, ""contingency"": [[2, 0], [208, 14031]]}",{}
115,NC00962.3,BDQ-0.2-0.9,0.0,GARC1,RUS,BDQ,Rv0678@16_del_g,R,{},"{""proportion"": 0.8333333333333334, ""confidence"": [0.49758291587540004, 0.9618944299206571], ""p_value"": 0.001600000000000001, ""contingency"": [[5, 1], [208, 14031]]}",{}
122,NC00962.3,BDQ-0.2-0.9,0.0,GARC1,RUS,BDQ,Rv0678@G121R,R,{},"{""proportion"": 0.8571428571428571, ""confidence"": [0.5477133053029708, 0.9674561979452132], ""p_value"": 0.00037120000000000013, ""contingency"": [[6, 1], [208, 14031]]}",{}
125,NC00962.3,BDQ-0.2-0.9,0.0,GARC1,RUS,BDQ,Rv0678@L136P,R,{},"{""proportion"": 1.0, ""confidence"": [0.4250306090063464, 1.0], ""p_value"": 0.04000000000000001, ""contingency"": [[2, 0], [208, 14031]]}",{}
133,NC00962.3,BDQ-0.2-0.9,0.0,GARC1,RUS,BDQ,Rv0678@M146T,R,{},"{""proportion"": 0.39285714285714285, ""confidence"": [0.25701954019035084, 0.5475760042926849], ""p_value"": 0.01679714812206571, ""contingency"": [[11, 17], [208, 14031]]}",{}
136,NC00962.3,BDQ-0.2-0.9,0.0,GARC1,RUS,BDQ,Rv0678@193_del_g,R,{},"{""proportion"": 0.5555555555555556, ""confidence"": [0.3034766602442459, 0.7819529487202257], ""p_value"": 0.019581440000000012, ""contingency"": [[5, 4], [208, 14031]]}",{}
154,NC00962.3,BDQ-0.2-0.9,0.0,GARC1,RUS,BDQ,Rv0678@289_del_c,R,{},"{""proportion"": 1.0, ""confidence"": [0.5965213747972954, 1.0], ""p_value"": 0.0016000000000000003, ""contingency"": [[4, 0], [208, 14031]]}",{}
157,NC00962.3,BDQ-0.2-0.9,0.0,GARC1,RUS,BDQ,Rv0678@A36V,R,{},"{""proportion"": 1.0, ""confidence"": [0.5258044258424873, 1.0], ""p_value"": 0.008000000000000002, ""contingency"": [[3, 0], [208, 14031]]}",{}
160,NC00962.3,BDQ-0.2-0.9,0.0,GARC1,RUS,BDQ,pepQ@1017_del_gga,R,{},"{""proportion"": 1.0, ""confidence"": [0.4250306090063464, 1.0], ""p_value"": 0.04000000000000001, ""contingency"": [[2, 0], [208, 14031]]}",{}
162,NC00962.3,BDQ-0.2-0.9,0.0,GARC1,RUS,BDQ,Rv0678@E113!,R,{},"{""proportion"": 1.0, ""confidence"": [0.5258044258424873, 1.0], ""p_value"": 0.008000000000000002, ""contingency"": [[3, 0], [208, 14031]]}",{}
164,NC00962.3,BDQ-0.2-0.9,0.0,GARC1,RUS,BDQ,Rv0678@C46G,R,{},"{""proportion"": 1.0, ""confidence"": [0.5258044258424873, 1.0], ""p_value"": 0.008000000000000002, ""contingency"": [[3, 0], [208, 14031]]}",{}
165,NC00962.3,BDQ-0.2-0.9,0.0,GARC1,RUS,BDQ,Rv0678@132_ins_gt,R,{},"{""proportion"": 0.7647058823529411, ""confidence"": [0.5670391262633588, 0.8896851463234763], ""p_value"": 8.585805824000007e-07, ""contingency"": [[13, 4], [208, 14031]]}",{}
168,NC00962.3,BDQ-0.2-0.9,0.0,GARC1,RUS,BDQ,Rv0678@383_del_c,R,{},"{""proportion"": 1.0, ""confidence"": [0.5258044258424873, 1.0], ""p_value"": 0.008000000000000002, ""contingency"": [[3, 0], [208, 14031]]}",{}
169,NC00962.3,BDQ-0.2-0.9,0.0,GARC1,RUS,BDQ,Rv0678@I67S,R,{},"{""proportion"": 1.0, ""confidence"": [0.8025949526804821, 0.9999999999999998], ""p_value"": 2.0480000000000012e-08, ""contingency"": [[11, 0], [208, 14031]]}",{}
174,NC00962.3,BDQ-0.2-0.9,0.0,GARC1,RUS,BDQ,Rv0678@N70D,R,{},"{""proportion"": 0.8571428571428571, ""confidence"": [0.5477133053029708, 0.9674561979452132], ""p_value"": 0.00037120000000000013, ""contingency"": [[6, 1], [208, 14031]]}",{}
177,NC00962.3,BDQ-0.2-0.9,0.0,GARC1,RUS,BDQ,Rv0678@140_ins_tc,R,{},"{""proportion"": 0.8888888888888888, ""confidence"": [0.7136244370337036, 0.962522993292782], ""p_value"": 6.608650240000007e-10, ""contingency"": [[16, 2], [208, 14031]]}",{}
179,NC00962.3,BDQ-0.2-0.9,0.0,GARC1,RUS,BDQ,Rv0678@R109P,R,{},"{""proportion"": 1.0, ""confidence"": [0.4250306090063464, 1.0], ""p_value"": 0.04000000000000001, ""contingency"": [[2, 0], [208, 14031]]}",{}
180,NC00962.3,BDQ-0.2-0.9,0.0,GARC1,RUS,BDQ,Rv0678@A99P,R,{},"{""proportion"": 1.0, ""confidence"": [0.4250306090063464, 1.0], ""p_value"": 0.04000000000000001, ""contingency"": [[2, 0], [208, 14031]]}",{}
181,NC00962.3,BDQ-0.2-0.9,0.0,GARC1,RUS,BDQ,Rv0678@464_ins_gc,R,{},"{""proportion"": 1.0, ""confidence"": [0.5965213747972954, 1.0], ""p_value"": 0.0016000000000000003, ""contingency"": [[4, 0], [208, 14031]]}",{}
182,NC00962.3,BDQ-0.2-0.9,0.0,GARC1,RUS,BDQ,Rv0678@C46R,R,{},"{""proportion"": 0.875, ""confidence"": [0.5888566256699879, 0.9716006762621897], ""p_value"": 8.448000000000004e-05, ""contingency"": [[7, 1], [208, 14031]]}",{}
186,NC00962.3,BDQ-0.2-0.9,0.0,GARC1,RUS,BDQ,Rv0678@292_del_a,R,{},"{""proportion"": 0.75, ""confidence"": [0.4601530454871806, 0.9134851558009377], ""p_value"": 0.0012313600000000006, ""contingency"": [[6, 2], [208, 14031]]}",{}
195,NC00962.3,BDQ-0.2-0.9,0.0,GARC1,RUS,BDQ,Rv0678@423_ins_c,R,{},"{""proportion"": 0.7647058823529411, ""confidence"": [0.5670391262633588, 0.8896851463234763], ""p_value"": 8.585805824000007e-07, ""contingency"": [[13, 4], [208, 14031]]}",{}
204,NC00962.3,BDQ-0.2-0.9,0.0,GARC1,RUS,BDQ,Rv0678@136_ins_g,R,{},"{""proportion"": 1.0, ""confidence"": [0.7212373045474579, 1.0], ""p_value"": 1.2800000000000005e-05, ""contingency"": [[7, 0], [208, 14031]]}",{}
219,NC00962.3,BDQ-0.2-0.9,0.0,GARC1,RUS,BDQ,pepQ@150_ins_c,R,{},"{""proportion"": 1.0, ""confidence"": [0.4250306090063464, 1.0], ""p_value"": 0.04000000000000001, ""contingency"": [[2, 0], [208, 14031]]}",{}
220,NC00962.3,BDQ-0.2-0.9,0.0,GARC1,RUS,BDQ,Rv0678@137_ins_tga,R,{},"{""proportion"": 1.0, ""confidence"": [0.5258044258424873, 1.0], ""p_value"": 0.008000000000000002, ""contingency"": [[3, 0], [208, 14031]]}",{}
221,NC00962.3,BDQ-0.2-0.9,0.0,GARC1,RUS,BDQ,Rv0678@471_del_cagc,R,{},"{""proportion"": 1.0, ""confidence"": [0.5258044258424873, 1.0], ""p_value"": 0.008000000000000002, ""contingency"": [[3, 0], [208, 14031]]}",{}
222,NC00962.3,BDQ-0.2-0.9,0.0,GARC1,RUS,BDQ,Rv0678@L60P,R,{},"{""proportion"": 1.0, ""confidence"": [0.5258044258424873, 1.0], ""p_value"": 0.008000000000000002, ""contingency"": [[3, 0], [208, 14031]]}",{}
223,NC00962.3,BDQ-0.2-0.9,0.0,GARC1,RUS,BDQ,Rv0678@491_ins_cg,R,{},"{""proportion"": 1.0, ""confidence"": [0.5965213747972954, 1.0], ""p_value"": 0.0016000000000000003, ""contingency"": [[4, 0], [208, 14031]]}",{}
225,NC00962.3,BDQ-0.2-0.9,0.0,GARC1,RUS,BDQ,atpE@I66M,R,{},"{""proportion"": 1.0, ""confidence"": [0.6488834992348989, 1.0], ""p_value"": 0.0003200000000000001, ""contingency"": [[5, 0], [208, 14031]]}",{}
226,NC00962.3,BDQ-0.2-0.9,0.0,GARC1,RUS,BDQ,Rv0678@L122P,R,{},"{""proportion"": 1.0, ""confidence"": [0.4250306090063464, 1.0], ""p_value"": 0.04000000000000001, ""contingency"": [[2, 0], [208, 14031]]}",{}
232,NC00962.3,BDQ-0.2-0.9,0.0,GARC1,RUS,BDQ,Rv0678@441_ins_t,R,{},"{""proportion"": 1.0, ""confidence"": [0.5258044258424873, 1.0], ""p_value"": 0.008000000000000002, ""contingency"": [[3, 0], [208, 14031]]}",{}
234,NC00962.3,BDQ-0.2-0.9,0.0,GARC1,RUS,BDQ,Rv0678@F79L,R,{},"{""proportion"": 1.0, ""confidence"": [0.4250306090063464, 1.0], ""p_value"": 0.04000000000000001, ""contingency"": [[2, 0], [208, 14031]]}",{}
238,NC00962.3,BDQ-0.2-0.9,0.0,GARC1,RUS,BDQ,atpE@A63P,R,{},"{""proportion"": 1.0, ""confidence"": [0.4250306090063464, 1.0], ""p_value"": 0.04000000000000001, ""contingency"": [[2, 0], [208, 14031]]}",{}
239,NC00962.3,BDQ-0.2-0.9,0.0,GARC1,RUS,BDQ,Rv0678@Y92!,R,{},"{""proportion"": 1.0, ""confidence"": [0.4250306090063464, 1.0], ""p_value"": 0.04000000000000001, ""contingency"": [[2, 0], [208, 14031]]}",{}
240,NC00962.3,BDQ-0.2-0.9,0.0,GARC1,RUS,BDQ,Rv0678@G65E,R,{},"{""proportion"": 0.75, ""confidence"": [0.3561680085985064, 0.9420926788001412], ""p_value"": 0.027200000000000005, ""contingency"": [[3, 1], [208, 14031]]}",{}
241,NC00962.3,BDQ-0.2-0.9,0.0,GARC1,RUS,BDQ,Rv0678@G78R,R,{},"{""proportion"": 1.0, ""confidence"": [0.4250306090063464, 1.0], ""p_value"": 0.04000000000000001, ""contingency"": [[2, 0], [208, 14031]]}",{}
248,NC00962.3,BDQ-0.2-0.9,0.0,GARC1,RUS,BDQ,Rv0678@T91I,R,{},"{""proportion"": 1.0, ""confidence"": [0.5258044258424873, 1.0], ""p_value"": 0.008000000000000002, ""contingency"": [[3, 0], [208, 14031]]}",{}
250,NC00962.3,BDQ-0.2-0.9,0.0,GARC1,RUS,BDQ,Rv0678@R34W,R,{},"{""proportion"": 1.0, ""confidence"": [0.4250306090063464, 1.0], ""p_value"": 0.04000000000000001, ""contingency"": [[2, 0], [208, 14031]]}",{}
253,NC00962.3,BDQ-0.2-0.9,0.0,GARC1,RUS,BDQ,Rv0678@S63G,R,{},"{""proportion"": 1.0, ""confidence"": [0.5258044258424873, 1.0], ""p_value"": 0.008000000000000002, ""contingency"": [[3, 0], [208, 14031]]}",{}
255,NC00962.3,BDQ-0.2-0.9,0.0,GARC1,RUS,BDQ,Rv0678@Y157!,R,{},"{""proportion"": 1.0, ""confidence"": [0.4250306090063464, 1.0], ""p_value"": 0.04000000000000001, ""contingency"": [[2, 0], [208, 14031]]}",{}
257,NC00962.3,BDQ-0.2-0.9,0.0,GARC1,RUS,BDQ,Rv0678@W42!,R,{},"{""proportion"": 1.0, ""confidence"": [0.4250306090063464, 1.0], ""p_value"": 0.04000000000000001, ""contingency"": [[2, 0], [208, 14031]]}",{}
258,NC00962.3,BDQ-0.2-0.9,0.0,GARC1,RUS,BDQ,Rv0678@C46W,R,{},"{""proportion"": 1.0, ""confidence"": [0.4250306090063464, 1.0], ""p_value"": 0.04000000000000001, ""contingency"": [[2, 0], [208, 14031]]}",{}
259,NC00962.3,BDQ-0.2-0.9,0.0,GARC1,RUS,BDQ,Rv0678@Y157S,R,{},"{""proportion"": 1.0, ""confidence"": [0.4250306090063464, 1.0], ""p_value"": 0.04000000000000001, ""contingency"": [[2, 0], [208, 14031]]}",{}
263,NC00962.3,BDQ-0.2-0.9,0.0,GARC1,RUS,BDQ,Rv0678@G41D,R,{},"{""proportion"": 1.0, ""confidence"": [0.5965213747972954, 1.0], ""p_value"": 0.0016000000000000003, ""contingency"": [[4, 0], [208, 14031]]}",{}
265,NC00962.3,BDQ-0.2-0.9,0.0,GARC1,RUS,BDQ,Rv0678@R134!,R,{},"{""proportion"": 1.0, ""confidence"": [0.6488834992348989, 1.0], ""p_value"": 0.0003200000000000001, ""contingency"": [[5, 0], [208, 14031]]}",{}
268,NC00962.3,BDQ-0.2-0.9,0.0,GARC1,RUS,BDQ,Rv0678@Q115P,R,{},"{""proportion"": 1.0, ""confidence"": [0.4250306090063464, 1.0], ""p_value"": 0.04000000000000001, ""contingency"": [[2, 0], [208, 14031]]}",{}
271,NC00962.3,BDQ-0.2-0.9,0.0,GARC1,RUS,BDQ,Rv0678@369_ins_gc,R,{},"{""proportion"": 1.0, ""confidence"": [0.4250306090063464, 1.0], ""p_value"": 0.04000000000000001, ""contingency"": [[2, 0], [208, 14031]]}",{}
275,NC00962.3,BDQ-0.2-0.9,0.0,GARC1,RUS,BDQ,Rv0678@199_ins_tc,R,{},"{""proportion"": 1.0, ""confidence"": [0.4250306090063464, 1.0], ""p_value"": 0.04000000000000001, ""contingency"": [[2, 0], [208, 14031]]}",{}
276,NC00962.3,BDQ-0.2-0.9,0.0,GARC1,RUS,BDQ,Rv0678@148_ins_g,R,{},"{""proportion"": 1.0, ""confidence"": [0.6892160186940858, 1.0], ""p_value"": 6.400000000000002e-05, ""contingency"": [[6, 0], [208, 14031]]}",{}
277,NC00962.3,BDQ-0.2-0.9,0.0,GARC1,RUS,BDQ,Rv0678@287_del_g,R,{},"{""proportion"": 1.0, ""confidence"": [0.4250306090063464, 1.0], ""p_value"": 0.04000000000000001, ""contingency"": [[2, 0], [208, 14031]]}",{}
279,NC00962.3,BDQ-0.2-0.9,0.0,GARC1,RUS,BDQ,Rv0678@R34Q,R,{},"{""proportion"": 1.0, ""confidence"": [0.4250306090063464, 1.0], ""p_value"": 0.04000000000000001, ""contingency"": [[2, 0], [208, 14031]]}",{}
282,NC00962.3,BDQ-0.2-0.9,0.0,GARC1,RUS,BDQ,pepQ@298_ins_c,R,{},"{""proportion"": 1.0, ""confidence"": [0.4250306090063464, 1.0], ""p_value"": 0.04000000000000001, ""contingency"": [[2, 0], [208, 14031]]}",{}
284,NC00962.3,BDQ-0.2-0.9,0.0,GARC1,RUS,BDQ,Rv0678@S63R,R,{},"{""proportion"": 1.0, ""confidence"": [0.4250306090063464, 1.0], ""p_value"": 0.04000000000000001, ""contingency"": [[2, 0], [208, 14031]]}",{}
287,NC00962.3,BDQ-0.2-0.9,0.0,GARC1,RUS,BDQ,Rv0678@G24C,R,{},"{""proportion"": 1.0, ""confidence"": [0.4250306090063464, 1.0], ""p_value"": 0.04000000000000001, ""contingency"": [[2, 0], [208, 14031]]}",{}
288,NC00962.3,BDQ-0.2-0.9,0.0,GARC1,RUS,BDQ,Rv0678@F93L,R,{},"{""proportion"": 0.8, ""confidence"": [0.4352925534215433, 0.9540375461193962], ""p_value"": 0.006720000000000001, ""contingency"": [[4, 1], [208, 14031]]}",{}
291,NC00962.3,BDQ-0.2-0.9,0.0,GARC1,RUS,BDQ,Rv0678@265_ins_t,R,{},"{""proportion"": 1.0, ""confidence"": [0.5258044258424873, 1.0], ""p_value"": 0.008000000000000002, ""contingency"": [[3, 0], [208, 14031]]}",{}
295,NC00962.3,BDQ-0.2-0.9,0.0,GARC1,RUS,BDQ,Rv0678@150_ins_c,R,{},"{""proportion"": 1.0, ""confidence"": [0.6488834992348989, 1.0], ""p_value"": 0.0003200000000000001, ""contingency"": [[5, 0], [208, 14031]]}",{}
303,NC00962.3,BDQ-0.2-0.9,0.0,GARC1,RUS,BDQ,Rv0678@R94Q,R,{},"{""proportion"": 1.0, ""confidence"": [0.4250306090063464, 1.0], ""p_value"": 0.04000000000000001, ""contingency"": [[2, 0], [208, 14031]]}",{}
304,NC00962.3,BDQ-0.2-0.9,0.0,GARC1,RUS,BDQ,Rv0678@R109W,R,{},"{""proportion"": 1.0, ""confidence"": [0.4250306090063464, 1.0], ""p_value"": 0.04000000000000001, ""contingency"": [[2, 0], [208, 14031]]}",{}
374,NC00962.3,BDQ-0.2-0.9,0.0,GARC1,RUS,BDQ,atpE@RFill,R,{},"{""default_rule"": ""True""}",{}
6,NC00962.3,BDQ-0.2-0.9,0.0,GARC1,RUS,BDQ,Rv0678@L125M,U,{},"{""proportion"": 0.0, ""confidence"": [0.0, 0.7301340512159458], ""p_value"": 1.0, ""contingency"": [[0, 1], [208, 14031]]}",{}
7,NC00962.3,BDQ-0.2-0.9,0.0,GARC1,RUS,BDQ,Rv0678@142_ins_t,U,{},"{""proportion"": 0.0, ""confidence"": [0.0, 0.7301340512159458], ""p_value"": 1.0, ""contingency"": [[0, 1], [208, 14031]]}",{}
8,NC00962.3,BDQ-0.2-0.9,0.0,GARC1,RUS,BDQ,Rv0678@G24S,U,{},"{""proportion"": 0.0, ""confidence"": [0.0, 0.7301340512159458], ""p_value"": 1.0, ""contingency"": [[0, 1], [208, 14031]]}",{}
9,NC00962.3,BDQ-0.2-0.9,0.0,GARC1,RUS,BDQ,pepQ@V238M,U,{},"{""proportion"": 0.0, ""confidence"": [0.0, 0.7301340512159458], ""p_value"": 1.0, ""contingency"": [[0, 1], [208, 14031]]}",{}
10,NC00962.3,BDQ-0.2-0.9,0.0,GARC1,RUS,BDQ,Rv0678@R50Q,U,{},"{""proportion"": 0.5, ""confidence"": [0.18240016325464498, 0.8175998367453551], ""p_value"": 0.18080000000000004, ""contingency"": [[2, 2], [208, 14031]]}",{}
11,NC00962.3,BDQ-0.2-0.9,0.0,GARC1,RUS,BDQ,pepQ@A42G,U,{},"{""proportion"": 0.0, ""confidence"": [0.0, 0.7301340512159458], ""p_value"": 1.0, ""contingency"": [[0, 1], [208, 14031]]}",{}
12,NC00962.3,BDQ-0.2-0.9,0.0,GARC1,RUS,BDQ,Rv0678@A101E,U,{},"{""proportion"": 0.0, ""confidence"": [0.0, 0.7301340512159458], ""p_value"": 1.0, ""contingency"": [[0, 1], [208, 14031]]}",{}
13,NC00962.3,BDQ-0.2-0.9,0.0,GARC1,RUS,BDQ,Rv0678@S68N,U,{},"{""proportion"": 1.0, ""confidence"": [0.26986594878405434, 1.0000000000000002], ""p_value"": 0.2, ""contingency"": [[1, 0], [208, 14031]]}",{}
14,NC00962.3,BDQ-0.2-0.9,0.0,GARC1,RUS,BDQ,Rv0678@Q51R,U,{},"{""proportion"": 0.3333333333333333, ""confidence"": [0.0782657263337284, 0.7464661317187757], ""p_value"": 0.4880000000000001, ""contingency"": [[1, 2], [208, 14031]]}",{}
15,NC00962.3,BDQ-0.2-0.9,0.0,GARC1,RUS,BDQ,Rv0678@G103S,U,{},"{""proportion"": 0.0, ""confidence"": [0.0, 0.5749693909936535], ""p_value"": 1.0, ""contingency"": [[0, 2], [208, 14031]]}",{}
16,NC00962.3,BDQ-0.2-0.9,0.0,GARC1,RUS,BDQ,Rv0678@A62T,U,{},"{""proportion"": 0.0, ""confidence"": [0.0, 0.7301340512159458], ""p_value"": 1.0, ""contingency"": [[0, 1], [208, 14031]]}",{}
18,NC00962.3,BDQ-0.2-0.9,0.0,GARC1,RUS,BDQ,pepQ@A305V,U,{},"{""proportion"": 0.0, ""confidence"": [0.0, 0.5749693909936535], ""p_value"": 1.0, ""contingency"": [[0, 2], [208, 14031]]}",{}
19,NC00962.3,BDQ-0.2-0.9,0.0,GARC1,RUS,BDQ,Rv0678@M17V,U,{},"{""proportion"": 0.0, ""confidence"": [0.0, 0.4741955741575127], ""p_value"": 1.0, ""contingency"": [[0, 3], [208, 14031]]}",{}
20,NC00962.3,BDQ-0.2-0.9,0.0,GARC1,RUS,BDQ,pepQ@E89D,U,{},"{""proportion"": 0.0, ""confidence"": [0.0, 0.7301340512159458], ""p_value"": 1.0, ""contingency"": [[0, 1], [208, 14031]]}",{}
21,NC00962.3,BDQ-0.2-0.9,0.0,GARC1,RUS,BDQ,Rv0678@S52P,U,{},"{""proportion"": 0.0, ""confidence"": [0.0, 0.7301340512159458], ""p_value"": 1.0, ""contingency"": [[0, 1], [208, 14031]]}",{}
22,NC00962.3,BDQ-0.2-0.9,0.0,GARC1,RUS,BDQ,pepQ@V101L,U,{},"{""proportion"": 0.0, ""confidence"": [0.0, 0.7301340512159458], ""p_value"": 1.0, ""contingency"": [[0, 1], [208, 14031]]}",{}
23,NC00962.3,BDQ-0.2-0.9,0.0,GARC1,RUS,BDQ,pepQ@E191V,U,{},"{""proportion"": 0.0, ""confidence"": [0.0, 0.7301340512159458], ""p_value"": 1.0, ""contingency"": [[0, 1], [208, 14031]]}",{}
25,NC00962.3,BDQ-0.2-0.9,0.0,GARC1,RUS,BDQ,Rv0678@E113K,U,{},"{""proportion"": 0.0, ""confidence"": [0.0, 0.7301340512159458], ""p_value"": 1.0, ""contingency"": [[0, 1], [208, 14031]]}",{}
27,NC00962.3,BDQ-0.2-0.9,0.0,GARC1,RUS,BDQ,pepQ@G80R,U,{},"{""proportion"": 0.0, ""confidence"": [0.0, 0.7301340512159458], ""p_value"": 1.0, ""contingency"": [[0, 1], [208, 14031]]}",{}
28,NC00962.3,BDQ-0.2-0.9,0.0,GARC1,RUS,BDQ,pepQ@R61C,U,{},"{""proportion"": 0.0, ""confidence"": [0.0, 0.7301340512159458], ""p_value"": 1.0, ""contingency"": [[0, 1], [208, 14031]]}",{}
29,NC00962.3,BDQ-0.2-0.9,0.0,GARC1,RUS,BDQ,Rv0678@A59V,U,{},"{""proportion"": 0.6666666666666666, ""confidence"": [0.25353386828122415, 0.9217342736662715], ""p_value"": 0.10400000000000005, ""contingency"": [[2, 1], [208, 14031]]}",{}
30,NC00962.3,BDQ-0.2-0.9,0.0,GARC1,RUS,BDQ,pepQ@V343A,U,{},"{""proportion"": 0.0, ""confidence"": [0.0, 0.7301340512159458], ""p_value"": 1.0, ""contingency"": [[0, 1], [208, 14031]]}",{}
31,NC00962.3,BDQ-0.2-0.9,0.0,GARC1,RUS,BDQ,atpE@A62T,U,{},"{""proportion"": 0.0, ""confidence"": [0.0, 0.7301340512159458], ""p_value"": 1.0, ""contingency"": [[0, 1], [208, 14031]]}",{}
32,NC00962.3,BDQ-0.2-0.9,0.0,GARC1,RUS,BDQ,Rv0678@M73I,U,{},"{""proportion"": 0.0, ""confidence"": [0.0, 0.5749693909936535], ""p_value"": 1.0, ""contingency"": [[0, 2], [208, 14031]]}",{}
33,NC00962.3,BDQ-0.2-0.9,0.0,GARC1,RUS,BDQ,pepQ@948_ins_a,U,{},"{""proportion"": 0.0, ""confidence"": [0.0, 0.7301340512159458], ""p_value"": 1.0, ""contingency"": [[0, 1], [208, 14031]]}",{}
34,NC00962.3,BDQ-0.2-0.9,0.0,GARC1,RUS,BDQ,Rv0678@L40M,U,{},"{""proportion"": 1.0, ""confidence"": [0.26986594878405434, 1.0000000000000002], ""p_value"": 0.2, ""contingency"": [[1, 0], [208, 14031]]}",{}
35,NC00962.3,BDQ-0.2-0.9,0.0,GARC1,RUS,BDQ,Rv0678@F19S,U,{},"{""proportion"": 1.0, ""confidence"": [0.26986594878405434, 1.0000000000000002], ""p_value"": 0.2, ""contingency"": [[1, 0], [208, 14031]]}",{}
36,NC00962.3,BDQ-0.2-0.9,0.0,GARC1,RUS,BDQ,pepQ@E360D,U,{},"{""proportion"": 0.0, ""confidence"": [0.0, 0.7301340512159458], ""p_value"": 1.0, ""contingency"": [[0, 1], [208, 14031]]}",{}
37,NC00962.3,BDQ-0.2-0.9,0.0,GARC1,RUS,BDQ,Rv0678@492_ins_ga,U,{},"{""proportion"": 0.0, ""confidence"": [0.0, 0.7301340512159458], ""p_value"": 1.0, ""contingency"": [[0, 1], [208, 14031]]}",{}
38,NC00962.3,BDQ-0.2-0.9,0.0,GARC1,RUS,BDQ,Rv0678@c-25t,U,{},"{""proportion"": 0.0, ""confidence"": [0.0, 0.7301340512159458], ""p_value"": 1.0, ""contingency"": [[0, 1], [208, 14031]]}",{}
39,NC00962.3,BDQ-0.2-0.9,0.0,GARC1,RUS,BDQ,Rv0678@19_del_gtc,U,{},"{""proportion"": 0.0, ""confidence"": [0.0, 0.7301340512159458], ""p_value"": 1.0, ""contingency"": [[0, 1], [208, 14031]]}",{}
40,NC00962.3,BDQ-0.2-0.9,0.0,GARC1,RUS,BDQ,Rv0678@I108T,U,{},"{""proportion"": 0.0, ""confidence"": [0.0, 0.7301340512159458], ""p_value"": 1.0, ""contingency"": [[0, 1], [208, 14031]]}",{}
41,NC00962.3,BDQ-0.2-0.9,0.0,GARC1,RUS,BDQ,Rv0678@S68G,U,{},"{""proportion"": 0.5, ""confidence"": [0.12086631942227369, 0.8791336805777263], ""p_value"": 0.3600000000000001, ""contingency"": [[1, 1], [208, 14031]]}",{}
45,NC00962.3,BDQ-0.2-0.9,0.0,GARC1,RUS,BDQ,Rv0678@E104G,U,{},"{""proportion"": 0.0, ""confidence"": [0.0, 0.5749693909936535], ""p_value"": 1.0, ""contingency"": [[0, 2], [208, 14031]]}",{}
46,NC00962.3,BDQ-0.2-0.9,0.0,GARC1,RUS,BDQ,Rv0678@-19_ins_cagagta,U,{},"{""proportion"": 0.0, ""confidence"": [0.0, 0.7301340512159458], ""p_value"": 1.0, ""contingency"": [[0, 1], [208, 14031]]}",{}
47,NC00962.3,BDQ-0.2-0.9,0.0,GARC1,RUS,BDQ,pepQ@A242T,U,{},"{""proportion"": 0.0, ""confidence"": [0.0, 0.3511165007651012], ""p_value"": 0.5904, ""contingency"": [[0, 5], [208, 14031]]}",{}
48,NC00962.3,BDQ-0.2-0.9,0.0,GARC1,RUS,BDQ,pepQ@D108N,U,{},"{""proportion"": 0.0, ""confidence"": [0.0, 0.7301340512159458], ""p_value"": 1.0, ""contingency"": [[0, 1], [208, 14031]]}",{}
49,NC00962.3,BDQ-0.2-0.9,0.0,GARC1,RUS,BDQ,pepQ@T354A,U,{},"{""proportion"": 0.0, ""confidence"": [0.0, 0.7301340512159458], ""p_value"": 1.0, ""contingency"": [[0, 1], [208, 14031]]}",{}
50,NC00962.3,BDQ-0.2-0.9,0.0,GARC1,RUS,BDQ,Rv0678@I108V,U,{},"{""proportion"": 0.0, ""confidence"": [0.0, 0.5749693909936535], ""p_value"": 1.0, ""contingency"": [[0, 2], [208, 14031]]}",{}
52,NC00962.3,BDQ-0.2-0.9,0.0,GARC1,RUS,BDQ,pepQ@A153G,U,{},"{""proportion"": 0.0, ""confidence"": [0.0, 0.4741955741575127], ""p_value"": 1.0, ""contingency"": [[0, 3], [208, 14031]]}",{}
53,NC00962.3,BDQ-0.2-0.9,0.0,GARC1,RUS,BDQ,Rv0678@D5G,U,{},"{""proportion"": 0.0, ""confidence"": [0.0, 0.7301340512159458], ""p_value"": 1.0, ""contingency"": [[0, 1], [208, 14031]]}",{}
54,NC00962.3,BDQ-0.2-0.9,0.0,GARC1,RUS,BDQ,pepQ@P69L,U,{},"{""proportion"": 0.0, ""confidence"": [0.0, 0.1839811947474769], ""p_value"": 0.141274976256, ""contingency"": [[0, 12], [208, 14031]]}",{}
55,NC00962.3,BDQ-0.2-0.9,0.0,GARC1,RUS,BDQ,Rv0678@-21_ins_ttc,U,{},"{""proportion"": 0.0, ""confidence"": [0.0, 0.7301340512159458], ""p_value"": 1.0, ""contingency"": [[0, 1], [208, 14031]]}",{}
56,NC00962.3,BDQ-0.2-0.9,0.0,GARC1,RUS,BDQ,Rv0678@L117R,U,{},"{""proportion"": 0.3333333333333333, ""confidence"": [0.1172760941022896, 0.6529852329996817], ""p_value"": 0.3446400000000002, ""contingency"": [[2, 4], [208, 14031]]}",{}
57,NC00962.3,BDQ-0.2-0.9,0.0,GARC1,RUS,BDQ,Rv0678@234_ins_t,U,{},"{""proportion"": 0.0, ""confidence"": [0.0, 0.5749693909936535], ""p_value"": 1.0, ""contingency"": [[0, 2], [208, 14031]]}",{}
58,NC00962.3,BDQ-0.2-0.9,0.0,GARC1,RUS,BDQ,Rv0678@N70K,U,{},"{""proportion"": 0.0, ""confidence"": [0.0, 0.7301340512159458], ""p_value"": 1.0, ""contingency"": [[0, 1], [208, 14031]]}",{}
59,NC00962.3,BDQ-0.2-0.9,0.0,GARC1,RUS,BDQ,Rv0678@185_ins_cag,U,{},"{""proportion"": 0.0, ""confidence"": [0.0, 0.7301340512159458], ""p_value"": 1.0, ""contingency"": [[0, 1], [208, 14031]]}",{}
60,NC00962.3,BDQ-0.2-0.9,0.0,GARC1,RUS,BDQ,Rv0678@L32S,U,{},"{""proportion"": 0.6666666666666666, ""confidence"": [0.25353386828122415, 0.9217342736662715], ""p_value"": 0.10400000000000005, ""contingency"": [[2, 1], [208, 14031]]}",{}
62,NC00962.3,BDQ-0.2-0.9,0.0,GARC1,RUS,BDQ,pepQ@A263V,U,{},"{""proportion"": 0.0, ""confidence"": [0.0, 0.7301340512159458], ""p_value"": 1.0, ""contingency"": [[0, 1], [208, 14031]]}",{}
64,NC00962.3,BDQ-0.2-0.9,0.0,GARC1,RUS,BDQ,Rv0678@N4T,U,{},"{""proportion"": 0.0, ""confidence"": [0.0, 0.31078398130591417], ""p_value"": 0.6067840000000001, ""contingency"": [[0, 6], [208, 14031]]}",{}
65,NC00962.3,BDQ-0.2-0.9,0.0,GARC1,RUS,BDQ,atpE@E61D,U,{},"{""proportion"": 0.3333333333333333, ""confidence"": [0.0782657263337284, 0.7464661317187757], ""p_value"": 0.4880000000000001, ""contingency"": [[1, 2], [208, 14031]]}",{}
66,NC00962.3,BDQ-0.2-0.9,0.0,GARC1,RUS,BDQ,pepQ@V1M,U,{},"{""proportion"": 0.0, ""confidence"": [0.0, 0.7301340512159458], ""p_value"": 1.0, ""contingency"": [[0, 1], [208, 14031]]}",{}
68,NC00962.3,BDQ-0.2-0.9,0.0,GARC1,RUS,BDQ,Rv0678@R96G,U,{},"{""proportion"": 0.0, ""confidence"": [0.0, 0.7301340512159458], ""p_value"": 1.0, ""contingency"": [[0, 1], [208, 14031]]}",{}
69,NC00962.3,BDQ-0.2-0.9,0.0,GARC1,RUS,BDQ,pepQ@P266S,U,{},"{""proportion"": 0.0, ""confidence"": [0.0, 0.7301340512159458], ""p_value"": 1.0, ""contingency"": [[0, 1], [208, 14031]]}",{}
70,NC00962.3,BDQ-0.2-0.9,0.0,GARC1,RUS,BDQ,pepQ@P165Q,U,{},"{""proportion"": 0.0, ""confidence"": [0.0, 0.7301340512159458], ""p_value"": 1.0, ""contingency"": [[0, 1], [208, 14031]]}",{}
71,NC00962.3,BDQ-0.2-0.9,0.0,GARC1,RUS,BDQ,atpE@T51I,U,{},"{""proportion"": 0.0, ""confidence"": [0.0, 0.7301340512159458], ""p_value"": 1.0, ""contingency"": [[0, 1], [208, 14031]]}",{}
72,NC00962.3,BDQ-0.2-0.9,0.0,GARC1,RUS,BDQ,Rv0678@Q76E,U,{},"{""proportion"": 0.0, ""confidence"": [0.0, 0.5749693909936535], ""p_value"": 1.0, ""contingency"": [[0, 2], [208, 14031]]}",{}
73,NC00962.3,BDQ-0.2-0.9,0.0,GARC1,RUS,BDQ,atpE@S37A,U,{},"{""proportion"": 0.0, ""confidence"": [0.0, 0.7301340512159458], ""p_value"": 1.0, ""contingency"": [[0, 1], [208, 14031]]}",{}
74,NC00962.3,BDQ-0.2-0.9,0.0,GARC1,RUS,BDQ,Rv0678@136_ins_gtg,U,{},"{""proportion"": 0.0, ""confidence"": [0.0, 0.7301340512159458], ""p_value"": 1.0, ""contingency"": [[0, 1], [208, 14031]]}",{}
75,NC00962.3,BDQ-0.2-0.9,0.0,GARC1,RUS,BDQ,pepQ@A16G,U,{},"{""proportion"": 0.0, ""confidence"": [0.0, 0.7301340512159458], ""p_value"": 1.0, ""contingency"": [[0, 1], [208, 14031]]}",{}
76,NC00962.3,BDQ-0.2-0.9,0.0,GARC1,RUS,BDQ,pepQ@V79G,U,{},"{""proportion"": 0.0, ""confidence"": [0.0, 0.7301340512159458], ""p_value"": 1.0, ""contingency"": [[0, 1], [208, 14031]]}",{}
77,NC00962.3,BDQ-0.2-0.9,0.0,GARC1,RUS,BDQ,Rv0678@G78W,U,{},"{""proportion"": 0.0, ""confidence"": [0.0, 0.7301340512159458], ""p_value"": 1.0, ""contingency"": [[0, 1], [208, 14031]]}",{}
78,NC00962.3,BDQ-0.2-0.9,0.0,GARC1,RUS,BDQ,pepQ@R7Q,U,{},"{""proportion"": 0.0, ""confidence"": [0.0, 0.3511165007651012], ""p_value"": 0.5904, ""contingency"": [[0, 5], [208, 14031]]}",{}
79,NC00962.3,BDQ-0.2-0.9,0.0,GARC1,RUS,BDQ,Rv0678@c-34t,U,{},"{""proportion"": 0.0, ""confidence"": [0.0, 0.7301340512159458], ""p_value"": 1.0, ""contingency"": [[0, 1], [208, 14031]]}",{}
80,NC00962.3,BDQ-0.2-0.9,0.0,GARC1,RUS,BDQ,Rv0678@A84V,U,{},"{""proportion"": 0.5, ""confidence"": [0.12086631942227369, 0.8791336805777263], ""p_value"": 0.3600000000000001, ""contingency"": [[1, 1], [208, 14031]]}",{}
81,NC00962.3,BDQ-0.2-0.9,0.0,GARC1,RUS,BDQ,pepQ@S99R,U,{},"{""proportion"": 0.0, ""confidence"": [0.0, 0.4741955741575127], ""p_value"": 1.0, ""contingency"": [[0, 3], [208, 14031]]}",{}
82,NC00962.3,BDQ-0.2-0.9,0.0,GARC1,RUS,BDQ,Rv0678@R38!,U,{},"{""proportion"": 0.0, ""confidence"": [0.0, 0.7301340512159458], ""p_value"": 1.0, ""contingency"": [[0, 1], [208, 14031]]}",{}
83,NC00962.3,BDQ-0.2-0.9,0.0,GARC1,RUS,BDQ,Rv0678@Q76R,U,{},"{""proportion"": 0.0, ""confidence"": [0.0, 0.7301340512159458], ""p_value"": 1.0, ""contingency"": [[0, 1], [208, 14031]]}",{}
84,NC00962.3,BDQ-0.2-0.9,0.0,GARC1,RUS,BDQ,Rv0678@G162E,U,{},"{""proportion"": 0.0, ""confidence"": [0.0, 0.7301340512159458], ""p_value"": 1.0, ""contingency"": [[0, 1], [208, 14031]]}",{}
85,NC00962.3,BDQ-0.2-0.9,0.0,GARC1,RUS,BDQ,Rv0678@I80S,U,{},"{""proportion"": 0.0, ""confidence"": [0.0, 0.7301340512159458], ""p_value"": 1.0, ""contingency"": [[0, 1], [208, 14031]]}",{}
86,NC00962.3,BDQ-0.2-0.9,0.0,GARC1,RUS,BDQ,Rv0678@c-3a,U,{},"{""proportion"": 0.0, ""confidence"": [0.0, 0.7301340512159458], ""p_value"": 1.0, ""contingency"": [[0, 1], [208, 14031]]}",{}
87,NC00962.3,BDQ-0.2-0.9,0.0,GARC1,RUS,BDQ,Rv0678@R90C,U,{},"{""proportion"": 0.0, ""confidence"": [-2.1340331742842984e-17, 0.2311335193197566], ""p_value"": 0.21985945599999998, ""contingency"": [[0, 9], [208, 14031]]}",{}
88,NC00962.3,BDQ-0.2-0.9,0.0,GARC1,RUS,BDQ,Rv0678@g-29a,U,{},"{""proportion"": 0.0, ""confidence"": [0.0, 0.7301340512159458], ""p_value"": 1.0, ""contingency"": [[0, 1], [208, 14031]]}",{}
89,NC00962.3,BDQ-0.2-0.9,0.0,GARC1,RUS,BDQ,Rv0678@L40V,U,{},"{""proportion"": 0.0, ""confidence"": [0.0, 0.1839811947474769], ""p_value"": 0.141274976256, ""contingency"": [[0, 12], [208, 14031]]}",{}
90,NC00962.3,BDQ-0.2-0.9,0.0,GARC1,RUS,BDQ,pepQ@V328F,U,{},"{""proportion"": 0.0, ""confidence"": [0.0, 0.40347862520270455], ""p_value"": 1.0, ""contingency"": [[0, 4], [208, 14031]]}",{}
91,NC00962.3,BDQ-0.2-0.9,0.0,GARC1,RUS,BDQ,Rv0678@N98D,U,{},"{""proportion"": 0.1, ""confidence"": [0.02263490873086721, 0.3477186673358584], ""p_value"": 0.6980101120000004, ""contingency"": [[1, 9], [208, 14031]]}",{}
92,NC00962.3,BDQ-0.2-0.9,0.0,GARC1,RUS,BDQ,atpE@V39I,U,{},"{""proportion"": 0.0, ""confidence"": [0.0, 0.7301340512159458], ""p_value"": 1.0, ""contingency"": [[0, 1], [208, 14031]]}",{}
93,NC00962.3,BDQ-0.2-0.9,0.0,GARC1,RUS,BDQ,pepQ@A137S,U,{},"{""proportion"": 0.0, ""confidence"": [0.0, 0.7301340512159458], ""p_value"": 1.0, ""contingency"": [[0, 1], [208, 14031]]}",{}
94,NC00962.3,BDQ-0.2-0.9,0.0,GARC1,RUS,BDQ,Rv0678@W42R,U,{},"{""proportion"": 0.0, ""confidence"": [0.0, 0.7301340512159458], ""p_value"": 1.0, ""contingency"": [[0, 1], [208, 14031]]}",{}
95,NC00962.3,BDQ-0.2-0.9,0.0,GARC1,RUS,BDQ,Rv0678@R72W,U,{},"{""proportion"": 0.0, ""confidence"": [0.0, 0.5749693909936535], ""p_value"": 1.0, ""contingency"": [[0, 2], [208, 14031]]}",{}
96,NC00962.3,BDQ-0.2-0.9,0.0,GARC1,RUS,BDQ,Rv0678@30_del_g,U,{},"{""proportion"": 0.0, ""confidence"": [0.0, 0.4741955741575127], ""p_value"": 1.0, ""contingency"": [[0, 3], [208, 14031]]}",{}
97,NC00962.3,BDQ-0.2-0.9,0.0,GARC1,RUS,BDQ,pepQ@L107R,U,{},"{""proportion"": 0.0, ""confidence"": [0.0, 0.7301340512159458], ""p_value"": 1.0, ""contingency"": [[0, 1], [208, 14031]]}",{}
98,NC00962.3,BDQ-0.2-0.9,0.0,GARC1,RUS,BDQ,pepQ@S130L,U,{},"{""proportion"": 0.0, ""confidence"": [0.0, 0.7301340512159458], ""p_value"": 1.0, ""contingency"": [[0, 1], [208, 14031]]}",{}
99,NC00962.3,BDQ-0.2-0.9,0.0,GARC1,RUS,BDQ,Rv0678@P48L,U,{},"{""proportion"": 0.3333333333333333, ""confidence"": [0.0782657263337284, 0.7464661317187757], ""p_value"": 0.4880000000000001, ""contingency"": [[1, 2], [208, 14031]]}",{}
100,NC00962.3,BDQ-0.2-0.9,0.0,GARC1,RUS,BDQ,Rv0678@L74V,U,{},"{""proportion"": 0.0, ""confidence"": [0.0, 0.7301340512159458], ""p_value"": 1.0, ""contingency"": [[0, 1], [208, 14031]]}",{}
101,NC00962.3,BDQ-0.2-0.9,0.0,GARC1,RUS,BDQ,pepQ@A227D,U,{},"{""proportion"": 0.0, ""confidence"": [0.0, 0.7301340512159458], ""p_value"": 1.0, ""contingency"": [[0, 1], [208, 14031]]}",{}
102,NC00962.3,BDQ-0.2-0.9,0.0,GARC1,RUS,BDQ,pepQ@K367N,U,{},"{""proportion"": 0.0, ""confidence"": [0.0, 0.7301340512159458], ""p_value"": 1.0, ""contingency"": [[0, 1], [208, 14031]]}",{}
103,NC00962.3,BDQ-0.2-0.9,0.0,GARC1,RUS,BDQ,pepQ@Q5R,U,{},"{""proportion"": 0.0, ""confidence"": [0.0, 0.7301340512159458], ""p_value"": 1.0, ""contingency"": [[0, 1], [208, 14031]]}",{}
104,NC00962.3,BDQ-0.2-0.9,0.0,GARC1,RUS,BDQ,pepQ@G41D,U,{},"{""proportion"": 0.0, ""confidence"": [0.0, 0.7301340512159458], ""p_value"": 1.0, ""contingency"": [[0, 1], [208, 14031]]}",{}
105,NC00962.3,BDQ-0.2-0.9,0.0,GARC1,RUS,BDQ,Rv0678@V20A,U,{},"{""proportion"": 0.5, ""confidence"": [0.12086631942227369, 0.8791336805777263], ""p_value"": 0.3600000000000001, ""contingency"": [[1, 1], [208, 14031]]}",{}
106,NC00962.3,BDQ-0.2-0.9,0.0,GARC1,RUS,BDQ,pepQ@R170W,U,{},"{""proportion"": 0.0, ""confidence"": [0.0, 0.4741955741575127], ""p_value"": 1.0, ""contingency"": [[0, 3], [208, 14031]]}",{}
107,NC00962.3,BDQ-0.2-0.9,0.0,GARC1,RUS,BDQ,Rv0678@G25C,U,{},"{""proportion"": 0.5, ""confidence"": [0.12086631942227369, 0.8791336805777263], ""p_value"": 0.3600000000000001, ""contingency"": [[1, 1], [208, 14031]]}",{}
108,NC00962.3,BDQ-0.2-0.9,0.0,GARC1,RUS,BDQ,Rv0678@-3_del_cttgtgagcgtcaacgacggggtcgatcagatgggcgccgagcccgacatcatggaattcgtcgaacagatgggcggctatttcgagtccaggagtttgactcggttggcgggtcgattgttgggctggctgctggtgtgtgatcccgagcggcagtcctcggaggaactggcgacggcgctggcggccagcagcggggggatcagcaccaatgcccggatgctgatccaatttgggttcattgagcggctcgcggtcgccggggatcggcgcacctatttccggttgcggcccaacgctttcgcggctggcgagcgtgaacgcatccgggcaatggccgaactgcaggacctggctgacgtggggctgagggcgctgggcgacgccccgccgcagcgaagccgacggctgcgggagatgcgggatctgttggcatat,U,{},"{""proportion"": 0.0, ""confidence"": [0.0, 0.40347862520270455], ""p_value"": 1.0, ""contingency"": [[0, 4], [208, 14031]]}",{}
109,NC00962.3,BDQ-0.2-0.9,0.0,GARC1,RUS,BDQ,Rv0678@M10I,U,{},"{""proportion"": 0.0, ""confidence"": [0.0, 0.7301340512159458], ""p_value"": 1.0, ""contingency"": [[0, 1], [208, 14031]]}",{}
111,NC00962.3,BDQ-0.2-0.9,0.0,GARC1,RUS,BDQ,Rv0678@418_ins_g,U,{},"{""proportion"": 0.6666666666666666, ""confidence"": [0.25353386828122415, 0.9217342736662715], ""p_value"": 0.10400000000000005, ""contingency"": [[2, 1], [208, 14031]]}",{}
112,NC00962.3,BDQ-0.2-0.9,0.0,GARC1,RUS,BDQ,Rv0678@325_ins_g,U,{},"{""proportion"": 1.0, ""confidence"": [0.26986594878405434, 1.0000000000000002], ""p_value"": 0.2, ""contingency"": [[1, 0], [208, 14031]]}",{}
113,NC00962.3,BDQ-0.2-0.9,0.0,GARC1,RUS,BDQ,Rv0678@R134G,U,{},"{""proportion"": 0.0, ""confidence"": [0.0, 0.5749693909936535], ""p_value"": 1.0, ""contingency"": [[0, 2], [208, 14031]]}",{}
114,NC00962.3,BDQ-0.2-0.9,0.0,GARC1,RUS,BDQ,Rv0678@R107C,U,{},"{""proportion"": 0.5, ""confidence"": [0.12086631942227369, 0.8791336805777263], ""p_value"": 0.3600000000000001, ""contingency"": [[1, 1], [208, 14031]]}",{}
116,NC00962.3,BDQ-0.2-0.9,0.0,GARC1,RUS,BDQ,pepQ@V104L,U,{},"{""proportion"": 0.0, ""confidence"": [0.0, 0.4741955741575127], ""p_value"": 1.0, ""contingency"": [[0, 3], [208, 14031]]}",{}
117,NC00962.3,BDQ-0.2-0.9,0.0,GARC1,RUS,BDQ,pepQ@M180V,U,{},"{""proportion"": 0.0, ""confidence"": [0.0, 0.5749693909936535], ""p_value"": 1.0, ""contingency"": [[0, 2], [208, 14031]]}",{}
118,NC00962.3,BDQ-0.2-0.9,0.0,GARC1,RUS,BDQ,Rv0678@G87R,U,{},"{""proportion"": 0.0, ""confidence"": [0.0, 0.7301340512159458], ""p_value"": 1.0, ""contingency"": [[0, 1], [208, 14031]]}",{}
119,NC00962.3,BDQ-0.2-0.9,0.0,GARC1,RUS,BDQ,pepQ@I193T,U,{},"{""proportion"": 0.0, ""confidence"": [0.0, 0.40347862520270455], ""p_value"": 1.0, ""contingency"": [[0, 4], [208, 14031]]}",{}
120,NC00962.3,BDQ-0.2-0.9,0.0,GARC1,RUS,BDQ,atpE@A18S,U,{},"{""proportion"": 0.0, ""confidence"": [0.0, 0.7301340512159458], ""p_value"": 1.0, ""contingency"": [[0, 1], [208, 14031]]}",{}
121,NC00962.3,BDQ-0.2-0.9,0.0,GARC1,RUS,BDQ,Rv0678@138_ins_ga,U,{},"{""proportion"": 0.5, ""confidence"": [0.12086631942227369, 0.8791336805777263], ""p_value"": 0.3600000000000001, ""contingency"": [[1, 1], [208, 14031]]}",{}
123,NC00962.3,BDQ-0.2-0.9,0.0,GARC1,RUS,BDQ,Rv0678@S2R,U,{},"{""proportion"": 0.0, ""confidence"": [0.0, 0.4741955741575127], ""p_value"": 1.0, ""contingency"": [[0, 3], [208, 14031]]}",{}
124,NC00962.3,BDQ-0.2-0.9,0.0,GARC1,RUS,BDQ,pepQ@D26G,U,{},"{""proportion"": 0.0, ""confidence"": [0.0, 0.7301340512159458], ""p_value"": 1.0, ""contingency"": [[0, 1], [208, 14031]]}",{}
126,NC00962.3,BDQ-0.2-0.9,0.0,GARC1,RUS,BDQ,Rv0678@A124G,U,{},"{""proportion"": 0.0, ""confidence"": [0.0, 0.7301340512159458], ""p_value"": 1.0, ""contingency"": [[0, 1], [208, 14031]]}",{}
127,NC00962.3,BDQ-0.2-0.9,0.0,GARC1,RUS,BDQ,Rv0678@a-4c,U,{},"{""proportion"": 0.0, ""confidence"": [0.0, 0.7301340512159458], ""p_value"": 1.0, ""contingency"": [[0, 1], [208, 14031]]}",{}
128,NC00962.3,BDQ-0.2-0.9,0.0,GARC1,RUS,BDQ,Rv0678@107_ins_g,U,{},"{""proportion"": 1.0, ""confidence"": [0.26986594878405434, 1.0000000000000002], ""p_value"": 0.2, ""contingency"": [[1, 0], [208, 14031]]}",{}
129,NC00962.3,BDQ-0.2-0.9,0.0,GARC1,RUS,BDQ,Rv0678@14_ins_cggggtg,U,{},"{""proportion"": 0.0, ""confidence"": [0.0, 0.7301340512159458], ""p_value"": 1.0, ""contingency"": [[0, 1], [208, 14031]]}",{}
130,NC00962.3,BDQ-0.2-0.9,0.0,GARC1,RUS,BDQ,Rv0678@S68I,U,{},"{""proportion"": 0.0, ""confidence"": [0.0, 0.7301340512159458], ""p_value"": 1.0, ""contingency"": [[0, 1], [208, 14031]]}",{}
131,NC00962.3,BDQ-0.2-0.9,0.0,GARC1,RUS,BDQ,pepQ@L179P,U,{},"{""proportion"": 1.0, ""confidence"": [0.26986594878405434, 1.0000000000000002], ""p_value"": 0.2, ""contingency"": [[1, 0], [208, 14031]]}",{}
132,NC00962.3,BDQ-0.2-0.9,0.0,GARC1,RUS,BDQ,Rv0678@c-30g,U,{},"{""proportion"": 0.0, ""confidence"": [0.0, 0.7301340512159458], ""p_value"": 1.0, ""contingency"": [[0, 1], [208, 14031]]}",{}
134,NC00962.3,BDQ-0.2-0.9,0.0,GARC1,RUS,BDQ,Rv0678@g-14a,U,{},"{""proportion"": 0.0, ""confidence"": [0.0, 0.7301340512159458], ""p_value"": 1.0, ""contingency"": [[0, 1], [208, 14031]]}",{}
135,NC00962.3,BDQ-0.2-0.9,0.0,GARC1,RUS,BDQ,pepQ@E255!,U,{},"{""proportion"": 0.0, ""confidence"": [0.0, 0.7301340512159458], ""p_value"": 1.0, ""contingency"": [[0, 1], [208, 14031]]}",{}
137,NC00962.3,BDQ-0.2-0.9,0.0,GARC1,RUS,BDQ,pepQ@H100R,U,{},"{""proportion"": 0.0, ""confidence"": [0.0, 0.5749693909936535], ""p_value"": 1.0, ""contingency"": [[0, 2], [208, 14031]]}",{}
138,NC00962.3,BDQ-0.2-0.9,0.0,GARC1,RUS,BDQ,Rv0678@Q22R,U,{},"{""proportion"": 0.0, ""confidence"": [0.0, 0.5749693909936535], ""p_value"": 1.0, ""contingency"": [[0, 2], [208, 14031]]}",{}
139,NC00962.3,BDQ-0.2-0.9,0.0,GARC1,RUS,BDQ,pepQ@M180T,U,{},"{""proportion"": 0.0, ""confidence"": [0.0, 0.5749693909936535], ""p_value"": 1.0, ""contingency"": [[0, 2], [208, 14031]]}",{}
140,NC00962.3,BDQ-0.2-0.9,0.0,GARC1,RUS,BDQ,Rv0678@M23V,U,{},"{""proportion"": 0.0, ""confidence"": [0.0, 0.40347862520270455], ""p_value"": 1.0, ""contingency"": [[0, 4], [208, 14031]]}",{}
141,NC00962.3,BDQ-0.2-0.9,0.0,GARC1,RUS,BDQ,Rv0678@R109Q,U,{},"{""proportion"": 0.0, ""confidence"": [0.0, 0.5749693909936535], ""p_value"": 1.0, ""contingency"": [[0, 2], [208, 14031]]}",{}
142,NC00962.3,BDQ-0.2-0.9,0.0,GARC1,RUS,BDQ,pepQ@A187E,U,{},"{""proportion"": 0.0, ""confidence"": [0.0, 0.3511165007651012], ""p_value"": 0.5904, ""contingency"": [[0, 5], [208, 14031]]}",{}
143,NC00962.3,BDQ-0.2-0.9,0.0,GARC1,RUS,BDQ,pepQ@I28R,U,{},"{""proportion"": 0.0, ""confidence"": [0.0, 0.5749693909936535], ""p_value"": 1.0, ""contingency"": [[0, 2], [208, 14031]]}",{}
144,NC00962.3,BDQ-0.2-0.9,0.0,GARC1,RUS,BDQ,pepQ@T341A,U,{},"{""proportion"": 0.0, ""confidence"": [0.0, 0.4741955741575127], ""p_value"": 1.0, ""contingency"": [[0, 3], [208, 14031]]}",{}
145,NC00962.3,BDQ-0.2-0.9,0.0,GARC1,RUS,BDQ,Rv0678@S158R,U,{},"{""proportion"": 0.0, ""confidence"": [0.0, 0.7301340512159458], ""p_value"": 1.0, ""contingency"": [[0, 1], [208, 14031]]}",{}
146,NC00962.3,BDQ-0.2-0.9,0.0,GARC1,RUS,BDQ,Rv0678@R156Q,U,{},"{""proportion"": 0.0, ""confidence"": [0.0, 0.7301340512159458], ""p_value"": 1.0, ""contingency"": [[0, 1], [208, 14031]]}",{}
147,NC00962.3,BDQ-0.2-0.9,0.0,GARC1,RUS,BDQ,pepQ@A124V,U,{},"{""proportion"": 0.0, ""confidence"": [0.0, 0.4741955741575127], ""p_value"": 1.0, ""contingency"": [[0, 3], [208, 14031]]}",{}
148,NC00962.3,BDQ-0.2-0.9,0.0,GARC1,RUS,BDQ,Rv0678@t-20c,U,{},"{""proportion"": 0.0, ""confidence"": [0.0, 0.7301340512159458], ""p_value"": 1.0, ""contingency"": [[0, 1], [208, 14031]]}",{}
149,NC00962.3,BDQ-0.2-0.9,0.0,GARC1,RUS,BDQ,pepQ@E177D,U,{},"{""proportion"": 0.0, ""confidence"": [0.0, 0.7301340512159458], ""p_value"": 1.0, ""contingency"": [[0, 1], [208, 14031]]}",{}
150,NC00962.3,BDQ-0.2-0.9,0.0,GARC1,RUS,BDQ,atpE@G12S,U,{},"{""proportion"": 0.0, ""confidence"": [0.0, 0.7301340512159458], ""p_value"": 1.0, ""contingency"": [[0, 1], [208, 14031]]}",{}
151,NC00962.3,BDQ-0.2-0.9,0.0,GARC1,RUS,BDQ,atpE@g-10t,U,{},"{""proportion"": 0.0, ""confidence"": [0.0, 0.7301340512159458], ""p_value"": 1.0, ""contingency"": [[0, 1], [208, 14031]]}",{}
152,NC00962.3,BDQ-0.2-0.9,0.0,GARC1,RUS,BDQ,Rv0678@g-40a,U,{},"{""proportion"": 0.0, ""confidence"": [0.0, 0.7301340512159458], ""p_value"": 1.0, ""contingency"": [[0, 1], [208, 14031]]}",{}
153,NC00962.3,BDQ-0.2-0.9,0.0,GARC1,RUS,BDQ,Rv0678@402_del_acggctgcggga,U,{},"{""proportion"": 0.0, ""confidence"": [0.0, 0.7301340512159458], ""p_value"": 1.0, ""contingency"": [[0, 1], [208, 14031]]}",{}
155,NC00962.3,BDQ-0.2-0.9,0.0,GARC1,RUS,BDQ,Rv0678@L83P,U,{},"{""proportion"": 0.5, ""confidence"": [0.12086631942227369, 0.8791336805777263], ""p_value"": 0.3600000000000001, ""contingency"": [[1, 1], [208, 14031]]}",{}
156,NC00962.3,BDQ-0.2-0.9,0.0,GARC1,RUS,BDQ,Rv0678@L40S,U,{},"{""proportion"": 0.0, ""confidence"": [0.0, 0.7301340512159458], ""p_value"": 1.0, ""contingency"": [[0, 1], [208, 14031]]}",{}
158,NC00962.3,BDQ-0.2-0.9,0.0,GARC1,RUS,BDQ,pepQ@817_ins_g,U,{},"{""proportion"": 0.6666666666666666, ""confidence"": [0.25353386828122415, 0.9217342736662715], ""p_value"": 0.10400000000000005, ""contingency"": [[2, 1], [208, 14031]]}",{}
159,NC00962.3,BDQ-0.2-0.9,0.0,GARC1,RUS,BDQ,Rv0678@L74M,U,{},"{""proportion"": 0.0, ""confidence"": [0.0, 0.7301340512159458], ""p_value"": 1.0, ""contingency"": [[0, 1], [208, 14031]]}",{}
161,NC00962.3,BDQ-0.2-0.9,0.0,GARC1,RUS,BDQ,pepQ@693_ins_a,U,{},"{""proportion"": 0.0, ""confidence"": [0.0, 0.7301340512159458], ""p_value"": 1.0, ""contingency"": [[0, 1], [208, 14031]]}",{}
163,NC00962.3,BDQ-0.2-0.9,0.0,GARC1,RUS,BDQ,pepQ@g-17t,U,{},"{""proportion"": 0.0, ""confidence"": [0.0, 0.7301340512159458], ""p_value"": 1.0, ""contingency"": [[0, 1], [208, 14031]]}",{}
166,NC00962.3,BDQ-0.2-0.9,0.0,GARC1,RUS,BDQ,Rv0678@R96L,U,{},"{""proportion"": 0.5, ""confidence"": [0.12086631942227369, 0.8791336805777263], ""p_value"": 0.3600000000000001, ""contingency"": [[1, 1], [208, 14031]]}",{}
167,NC00962.3,BDQ-0.2-0.9,0.0,GARC1,RUS,BDQ,Rv0678@Y145!,U,{},"{""proportion"": 0.0, ""confidence"": [0.0, 0.7301340512159458], ""p_value"": 1.0, ""contingency"": [[0, 1], [208, 14031]]}",{}
170,NC00962.3,BDQ-0.2-0.9,0.0,GARC1,RUS,BDQ,Rv0678@L142R,U,{},"{""proportion"": 0.0, ""confidence"": [0.0, 0.7301340512159458], ""p_value"": 1.0, ""contingency"": [[0, 1], [208, 14031]]}",{}
171,NC00962.3,BDQ-0.2-0.9,0.0,GARC1,RUS,BDQ,Rv0678@G24D,U,{},"{""proportion"": 0.0, ""confidence"": [0.0, 0.7301340512159458], ""p_value"": 1.0, ""contingency"": [[0, 1], [208, 14031]]}",{}
172,NC00962.3,BDQ-0.2-0.9,0.0,GARC1,RUS,BDQ,Rv0678@200_del_tcagcaccaatgcccggatgctgatccaatttgggttcattgagcggctcgcggtcgccggggatcggcgcacctatttccggttgcggcccaacgctttcgcggctggcgagcgtgaacgcatccgggcaatggccgaactgcaggacctggctgacgtggggctgagggcgctgggcgacgccccgccgcagcgaagccgacggctgcgggagatgcgggatctgttggcatatatggagaacgtcgtctccgacgccctggggcgatacagccagcgaaccggagaggacgactga,U,{},"{""proportion"": 0.5, ""confidence"": [0.12086631942227369, 0.8791336805777263], ""p_value"": 0.3600000000000001, ""contingency"": [[1, 1], [208, 14031]]}",{}
173,NC00962.3,BDQ-0.2-0.9,0.0,GARC1,RUS,BDQ,Rv0678@V1E,U,{},"{""proportion"": 0.5, ""confidence"": [0.12086631942227369, 0.8791336805777263], ""p_value"": 0.3600000000000001, ""contingency"": [[1, 1], [208, 14031]]}",{}
175,NC00962.3,BDQ-0.2-0.9,0.0,GARC1,RUS,BDQ,Rv0678@212_del_c,U,{},"{""proportion"": 0.0, ""confidence"": [0.0, 0.4741955741575127], ""p_value"": 1.0, ""contingency"": [[0, 3], [208, 14031]]}",{}
176,NC00962.3,BDQ-0.2-0.9,0.0,GARC1,RUS,BDQ,Rv0678@419_del_gggatctgtt,U,{},"{""proportion"": 0.0, ""confidence"": [0.0, 0.7301340512159458], ""p_value"": 1.0, ""contingency"": [[0, 1], [208, 14031]]}",{}
178,NC00962.3,BDQ-0.2-0.9,0.0,GARC1,RUS,BDQ,Rv0678@A118T,U,{},"{""proportion"": 0.0, ""confidence"": [0.0, 0.7301340512159458], ""p_value"": 1.0, ""contingency"": [[0, 1], [208, 14031]]}",{}
183,NC00962.3,BDQ-0.2-0.9,0.0,GARC1,RUS,BDQ,Rv0678@V85A,U,{},"{""proportion"": 0.0, ""confidence"": [0.0, 0.7301340512159458], ""p_value"": 1.0, ""contingency"": [[0, 1], [208, 14031]]}",{}
184,NC00962.3,BDQ-0.2-0.9,0.0,GARC1,RUS,BDQ,pepQ@G85C,U,{},"{""proportion"": 0.0, ""confidence"": [0.0, 0.7301340512159458], ""p_value"": 1.0, ""contingency"": [[0, 1], [208, 14031]]}",{}
185,NC00962.3,BDQ-0.2-0.9,0.0,GARC1,RUS,BDQ,pepQ@K94N,U,{},"{""proportion"": 0.0, ""confidence"": [0.0, 0.7301340512159458], ""p_value"": 1.0, ""contingency"": [[0, 1], [208, 14031]]}",{}
187,NC00962.3,BDQ-0.2-0.9,0.0,GARC1,RUS,BDQ,Rv0678@345_del_g,U,{},"{""proportion"": 1.0, ""confidence"": [0.26986594878405434, 1.0000000000000002], ""p_value"": 0.2, ""contingency"": [[1, 0], [208, 14031]]}",{}
188,NC00962.3,BDQ-0.2-0.9,0.0,GARC1,RUS,BDQ,Rv0678@T33P,U,{},"{""proportion"": 0.0, ""confidence"": [0.0, 0.7301340512159458], ""p_value"": 1.0, ""contingency"": [[0, 1], [208, 14031]]}",{}
189,NC00962.3,BDQ-0.2-0.9,0.0,GARC1,RUS,BDQ,pepQ@S66L,U,{},"{""proportion"": 0.0, ""confidence"": [0.0, 0.7301340512159458], ""p_value"": 1.0, ""contingency"": [[0, 1], [208, 14031]]}",{}
190,NC00962.3,BDQ-0.2-0.9,0.0,GARC1,RUS,BDQ,pepQ@I24T,U,{},"{""proportion"": 0.0, ""confidence"": [0.0, 0.7301340512159458], ""p_value"": 1.0, ""contingency"": [[0, 1], [208, 14031]]}",{}
191,NC00962.3,BDQ-0.2-0.9,0.0,GARC1,RUS,BDQ,atpE@A45V,U,{},"{""proportion"": 0.0, ""confidence"": [0.0, 0.7301340512159458], ""p_value"": 1.0, ""contingency"": [[0, 1], [208, 14031]]}",{}
192,NC00962.3,BDQ-0.2-0.9,0.0,GARC1,RUS,BDQ,pepQ@V298I,U,{},"{""proportion"": 0.0, ""confidence"": [0.0, 0.4741955741575127], ""p_value"": 1.0, ""contingency"": [[0, 3], [208, 14031]]}",{}
193,NC00962.3,BDQ-0.2-0.9,0.0,GARC1,RUS,BDQ,pepQ@N118D,U,{},"{""proportion"": 0.0, ""confidence"": [0.0, 0.7301340512159458], ""p_value"": 1.0, ""contingency"": [[0, 1], [208, 14031]]}",{}
194,NC00962.3,BDQ-0.2-0.9,0.0,GARC1,RUS,BDQ,Rv0678@S53L,U,{},"{""proportion"": 0.5, ""confidence"": [0.12086631942227369, 0.8791336805777263], ""p_value"": 0.3600000000000001, ""contingency"": [[1, 1], [208, 14031]]}",{}
196,NC00962.3,BDQ-0.2-0.9,0.0,GARC1,RUS,BDQ,pepQ@E169!,U,{},"{""proportion"": 0.0, ""confidence"": [0.0, 0.7301340512159458], ""p_value"": 1.0, ""contingency"": [[0, 1], [208, 14031]]}",{}
197,NC00962.3,BDQ-0.2-0.9,0.0,GARC1,RUS,BDQ,pepQ@H292N,U,{},"{""proportion"": 0.0, ""confidence"": [0.0, 0.7301340512159458], ""p_value"": 1.0, ""contingency"": [[0, 1], [208, 14031]]}",{}
198,NC00962.3,BDQ-0.2-0.9,0.0,GARC1,RUS,BDQ,Rv0678@L32F,U,{},"{""proportion"": 0.0, ""confidence"": [0.0, 0.7301340512159458], ""p_value"": 1.0, ""contingency"": [[0, 1], [208, 14031]]}",{}
199,NC00962.3,BDQ-0.2-0.9,0.0,GARC1,RUS,BDQ,pepQ@A210S,U,{},"{""proportion"": 0.0, ""confidence"": [0.0, 0.7301340512159458], ""p_value"": 1.0, ""contingency"": [[0, 1], [208, 14031]]}",{}
200,NC00962.3,BDQ-0.2-0.9,0.0,GARC1,RUS,BDQ,Rv0678@207_ins_a,U,{},"{""proportion"": 0.0, ""confidence"": [0.0, 0.7301340512159458], ""p_value"": 1.0, ""contingency"": [[0, 1], [208, 14031]]}",{}
201,NC00962.3,BDQ-0.2-0.9,0.0,GARC1,RUS,BDQ,Rv0678@g-33t,U,{},"{""proportion"": 0.0, ""confidence"": [0.0, 0.7301340512159458], ""p_value"": 1.0, ""contingency"": [[0, 1], [208, 14031]]}",{}
202,NC00962.3,BDQ-0.2-0.9,0.0,GARC1,RUS,BDQ,Rv0678@W42C,U,{},"{""proportion"": 0.0, ""confidence"": [0.0, 0.7301340512159458], ""p_value"": 1.0, ""contingency"": [[0, 1], [208, 14031]]}",{}
203,NC00962.3,BDQ-0.2-0.9,0.0,GARC1,RUS,BDQ,Rv0678@F93S,U,{},"{""proportion"": 0.5, ""confidence"": [0.12086631942227369, 0.8791336805777263], ""p_value"": 0.3600000000000001, ""contingency"": [[1, 1], [208, 14031]]}",{}
205,NC00962.3,BDQ-0.2-0.9,0.0,GARC1,RUS,BDQ,pepQ@A370V,U,{},"{""proportion"": 0.0, ""confidence"": [0.0, 0.5749693909936535], ""p_value"": 1.0, ""contingency"": [[0, 2], [208, 14031]]}",{}
206,NC00962.3,BDQ-0.2-0.9,0.0,GARC1,RUS,BDQ,Rv0678@I80M,U,{},"{""proportion"": 0.0, ""confidence"": [0.0, 0.7301340512159458], ""p_value"": 1.0, ""contingency"": [[0, 1], [208, 14031]]}",{}
207,NC00962.3,BDQ-0.2-0.9,0.0,GARC1,RUS,BDQ,Rv0678@R96W,U,{},"{""proportion"": 0.0, ""confidence"": [0.0, 0.7301340512159458], ""p_value"": 1.0, ""contingency"": [[0, 1], [208, 14031]]}",{}
208,NC00962.3,BDQ-0.2-0.9,0.0,GARC1,RUS,BDQ,Rv0678@R89L,U,{},"{""proportion"": 1.0, ""confidence"": [0.26986594878405434, 1.0000000000000002], ""p_value"": 0.2, ""contingency"": [[1, 0], [208, 14031]]}",{}
209,NC00962.3,BDQ-0.2-0.9,0.0,GARC1,RUS,BDQ,Rv0678@A124V,U,{},"{""proportion"": 0.0, ""confidence"": [0.0, 0.7301340512159458], ""p_value"": 1.0, ""contingency"": [[0, 1], [208, 14031]]}",{}
210,NC00962.3,BDQ-0.2-0.9,0.0,GARC1,RUS,BDQ,pepQ@D20G,U,{},"{""proportion"": 0.0, ""confidence"": [0.0, 0.5749693909936535], ""p_value"": 1.0, ""contingency"": [[0, 2], [208, 14031]]}",{}
211,NC00962.3,BDQ-0.2-0.9,0.0,GARC1,RUS,BDQ,Rv0678@R156!,U,{},"{""proportion"": 0.3333333333333333, ""confidence"": [0.0782657263337284, 0.7464661317187757], ""p_value"": 0.4880000000000001, ""contingency"": [[1, 2], [208, 14031]]}",{}
212,NC00962.3,BDQ-0.2-0.9,0.0,GARC1,RUS,BDQ,Rv0678@F27S,U,{},"{""proportion"": 0.0, ""confidence"": [0.0, 0.7301340512159458], ""p_value"": 1.0, ""contingency"": [[0, 1], [208, 14031]]}",{}
213,NC00962.3,BDQ-0.2-0.9,0.0,GARC1,RUS,BDQ,pepQ@G91D,U,{},"{""proportion"": 0.0, ""confidence"": [0.0, 0.7301340512159458], ""p_value"": 1.0, ""contingency"": [[0, 1], [208, 14031]]}",{}
214,NC00962.3,BDQ-0.2-0.9,0.0,GARC1,RUS,BDQ,atpE@F74L,U,{},"{""proportion"": 0.0, ""confidence"": [0.0, 0.7301340512159458], ""p_value"": 1.0, ""contingency"": [[0, 1], [208, 14031]]}",{}
215,NC00962.3,BDQ-0.2-0.9,0.0,GARC1,RUS,BDQ,pepQ@L71V,U,{},"{""proportion"": 0.0, ""confidence"": [0.0, 0.7301340512159458], ""p_value"": 1.0, ""contingency"": [[0, 1], [208, 14031]]}",{}
216,NC00962.3,BDQ-0.2-0.9,0.0,GARC1,RUS,BDQ,Rv0678@394_del_cgaa,U,{},"{""proportion"": 0.0, ""confidence"": [0.0, 0.7301340512159458], ""p_value"": 1.0, ""contingency"": [[0, 1], [208, 14031]]}",{}
217,NC00962.3,BDQ-0.2-0.9,0.0,GARC1,RUS,BDQ,pepQ@P349T,U,{},"{""proportion"": 0.0, ""confidence"": [0.0, 0.7301340512159458], ""p_value"": 1.0, ""contingency"": [[0, 1], [208, 14031]]}",{}
218,NC00962.3,BDQ-0.2-0.9,0.0,GARC1,RUS,BDQ,pepQ@M22V,U,{},"{""proportion"": 0.0, ""confidence"": [0.0, 0.7301340512159458], ""p_value"": 1.0, ""contingency"": [[0, 1], [208, 14031]]}",{}
224,NC00962.3,BDQ-0.2-0.9,0.0,GARC1,RUS,BDQ,Rv0678@R50G,U,{},"{""proportion"": 1.0, ""confidence"": [0.26986594878405434, 1.0000000000000002], ""p_value"": 0.2, ""contingency"": [[1, 0], [208, 14031]]}",{}
227,NC00962.3,BDQ-0.2-0.9,0.0,GARC1,RUS,BDQ,Rv0678@150_del_gca,U,{},"{""proportion"": 1.0, ""confidence"": [0.26986594878405434, 1.0000000000000002], ""p_value"": 0.2, ""contingency"": [[1, 0], [208, 14031]]}",{}
228,NC00962.3,BDQ-0.2-0.9,0.0,GARC1,RUS,BDQ,Rv0678@125_del_g,U,{},"{""proportion"": 1.0, ""confidence"": [0.26986594878405434, 1.0000000000000002], ""p_value"": 0.2, ""contingency"": [[1, 0], [208, 14031]]}",{}
229,NC00962.3,BDQ-0.2-0.9,0.0,GARC1,RUS,BDQ,Rv0678@242_ins_gc,U,{},"{""proportion"": 1.0, ""confidence"": [0.26986594878405434, 1.0000000000000002], ""p_value"": 0.2, ""contingency"": [[1, 0], [208, 14031]]}",{}
230,NC00962.3,BDQ-0.2-0.9,0.0,GARC1,RUS,BDQ,Rv0678@Y92C,U,{},"{""proportion"": 1.0, ""confidence"": [0.26986594878405434, 1.0000000000000002], ""p_value"": 0.2, ""contingency"": [[1, 0], [208, 14031]]}",{}
231,NC00962.3,BDQ-0.2-0.9,0.0,GARC1,RUS,BDQ,Rv0678@L83F,U,{},"{""proportion"": 1.0, ""confidence"": [0.26986594878405434, 1.0000000000000002], ""p_value"": 0.2, ""contingency"": [[1, 0], [208, 14031]]}",{}
233,NC00962.3,BDQ-0.2-0.9,0.0,GARC1,RUS,BDQ,Rv0678@A102V,U,{},"{""proportion"": 1.0, ""confidence"": [0.26986594878405434, 1.0000000000000002], ""p_value"": 0.2, ""contingency"": [[1, 0], [208, 14031]]}",{}
235,NC00962.3,BDQ-0.2-0.9,0.0,GARC1,RUS,BDQ,Rv0678@F79S,U,{},"{""proportion"": 1.0, ""confidence"": [0.26986594878405434, 1.0000000000000002], ""p_value"": 0.2, ""contingency"": [[1, 0], [208, 14031]]}",{}
236,NC00962.3,BDQ-0.2-0.9,0.0,GARC1,RUS,BDQ,Rv0678@466_ins_g,U,{},"{""proportion"": 1.0, ""confidence"": [0.26986594878405434, 1.0000000000000002], ""p_value"": 0.2, ""contingency"": [[1, 0], [208, 14031]]}",{}
237,NC00962.3,BDQ-0.2-0.9,0.0,GARC1,RUS,BDQ,Rv0678@E106K,U,{},"{""proportion"": 1.0, ""confidence"": [0.26986594878405434, 1.0000000000000002], ""p_value"": 0.2, ""contingency"": [[1, 0], [208, 14031]]}",{}
242,NC00962.3,BDQ-0.2-0.9,0.0,GARC1,RUS,BDQ,Rv0678@133_del_gt,U,{},"{""proportion"": 1.0, ""confidence"": [0.26986594878405434, 1.0000000000000002], ""p_value"": 0.2, ""contingency"": [[1, 0], [208, 14031]]}",{}
243,NC00962.3,BDQ-0.2-0.9,0.0,GARC1,RUS,BDQ,pepQ@151_ins_cg,U,{},"{""proportion"": 1.0, ""confidence"": [0.26986594878405434, 1.0000000000000002], ""p_value"": 0.2, ""contingency"": [[1, 0], [208, 14031]]}",{}
244,NC00962.3,BDQ-0.2-0.9,0.0,GARC1,RUS,BDQ,Rv0678@S68K,U,{},"{""proportion"": 1.0, ""confidence"": [0.26986594878405434, 1.0000000000000002], ""p_value"": 0.2, ""contingency"": [[1, 0], [208, 14031]]}",{}
245,NC00962.3,BDQ-0.2-0.9,0.0,GARC1,RUS,BDQ,Rv0678@Y26H,U,{},"{""proportion"": 1.0, ""confidence"": [0.26986594878405434, 1.0000000000000002], ""p_value"": 0.2, ""contingency"": [[1, 0], [208, 14031]]}",{}
246,NC00962.3,BDQ-0.2-0.9,0.0,GARC1,RUS,BDQ,Rv0678@D47G,U,{},"{""proportion"": 1.0, ""confidence"": [0.26986594878405434, 1.0000000000000002], ""p_value"": 0.2, ""contingency"": [[1, 0], [208, 14031]]}",{}
247,NC00962.3,BDQ-0.2-0.9,0.0,GARC1,RUS,BDQ,Rv0678@L60Q,U,{},"{""proportion"": 1.0, ""confidence"": [0.26986594878405434, 1.0000000000000002], ""p_value"": 0.2, ""contingency"": [[1, 0], [208, 14031]]}",{}
249,NC00962.3,BDQ-0.2-0.9,0.0,GARC1,RUS,BDQ,Rv0678@128_del_tgctggtgtgt,U,{},"{""proportion"": 1.0, ""confidence"": [0.26986594878405434, 1.0000000000000002], ""p_value"": 0.2, ""contingency"": [[1, 0], [208, 14031]]}",{}
251,NC00962.3,BDQ-0.2-0.9,0.0,GARC1,RUS,BDQ,Rv0678@Q76K,U,{},"{""proportion"": 1.0, ""confidence"": [0.26986594878405434, 1.0000000000000002], ""p_value"": 0.2, ""contingency"": [[1, 0], [208, 14031]]}",{}
252,NC00962.3,BDQ-0.2-0.9,0.0,GARC1,RUS,BDQ,Rv0678@S53!,U,{},"{""proportion"": 1.0, ""confidence"": [0.26986594878405434, 1.0000000000000002], ""p_value"": 0.2, ""contingency"": [[1, 0], [208, 14031]]}",{}
254,NC00962.3,BDQ-0.2-0.9,0.0,GARC1,RUS,BDQ,Rv0678@E113G,U,{},"{""proportion"": 0.0, ""confidence"": [0.0, 0.7301340512159458], ""p_value"": 1.0, ""contingency"": [[0, 1], [208, 14031]]}",{}
256,NC00962.3,BDQ-0.2-0.9,0.0,GARC1,RUS,BDQ,Rv0678@F100I,U,{},"{""proportion"": 0.3333333333333333, ""confidence"": [0.0782657263337284, 0.7464661317187757], ""p_value"": 0.4880000000000001, ""contingency"": [[1, 2], [208, 14031]]}",{}
260,NC00962.3,BDQ-0.2-0.9,0.0,GARC1,RUS,BDQ,Rv0678@G65R,U,{},"{""proportion"": 0.0, ""confidence"": [0.0, 0.7301340512159458], ""p_value"": 1.0, ""contingency"": [[0, 1], [208, 14031]]}",{}
261,NC00962.3,BDQ-0.2-0.9,0.0,GARC1,RUS,BDQ,Rv0678@L95S,U,{},"{""proportion"": 0.5, ""confidence"": [0.12086631942227369, 0.8791336805777263], ""p_value"": 0.3600000000000001, ""contingency"": [[1, 1], [208, 14031]]}",{}
262,NC00962.3,BDQ-0.2-0.9,0.0,GARC1,RUS,BDQ,Rv0678@R50P,U,{},"{""proportion"": 1.0, ""confidence"": [0.26986594878405434, 1.0000000000000002], ""p_value"": 0.2, ""contingency"": [[1, 0], [208, 14031]]}",{}
264,NC00962.3,BDQ-0.2-0.9,0.0,GARC1,RUS,BDQ,Rv0678@t-8c,U,{},"{""proportion"": 1.0, ""confidence"": [0.26986594878405434, 1.0000000000000002], ""p_value"": 0.2, ""contingency"": [[1, 0], [208, 14031]]}",{}
266,NC00962.3,BDQ-0.2-0.9,0.0,GARC1,RUS,BDQ,Rv0678@A153V,U,{},"{""proportion"": 1.0, ""confidence"": [0.26986594878405434, 1.0000000000000002], ""p_value"": 0.2, ""contingency"": [[1, 0], [208, 14031]]}",{}
267,NC00962.3,BDQ-0.2-0.9,0.0,GARC1,RUS,BDQ,Rv0678@R105S,U,{},"{""proportion"": 1.0, ""confidence"": [0.26986594878405434, 1.0000000000000002], ""p_value"": 0.2, ""contingency"": [[1, 0], [208, 14031]]}",{}
269,NC00962.3,BDQ-0.2-0.9,0.0,GARC1,RUS,BDQ,Rv0678@I16S,U,{},"{""proportion"": 1.0, ""confidence"": [0.26986594878405434, 1.0000000000000002], ""p_value"": 0.2, ""contingency"": [[1, 0], [208, 14031]]}",{}
270,NC00962.3,BDQ-0.2-0.9,0.0,GARC1,RUS,BDQ,Rv0678@132_del_gg,U,{},"{""proportion"": 1.0, ""confidence"": [0.26986594878405434, 1.0000000000000002], ""p_value"": 0.2, ""contingency"": [[1, 0], [208, 14031]]}",{}
272,NC00962.3,BDQ-0.2-0.9,0.0,GARC1,RUS,BDQ,Rv0678@426_ins_t,U,{},"{""proportion"": 1.0, ""confidence"": [0.26986594878405434, 1.0000000000000002], ""p_value"": 0.2, ""contingency"": [[1, 0], [208, 14031]]}",{}
273,NC00962.3,BDQ-0.2-0.9,0.0,GARC1,RUS,BDQ,pepQ@928_ins_g,U,{},"{""proportion"": 0.0, ""confidence"": [0.0, 0.7301340512159458], ""p_value"": 1.0, ""contingency"": [[0, 1], [208, 14031]]}",{}
274,NC00962.3,BDQ-0.2-0.9,0.0,GARC1,RUS,BDQ,Rv0678@406_ins_t,U,{},"{""proportion"": 0.0, ""confidence"": [0.0, 0.7301340512159458], ""p_value"": 1.0, ""contingency"": [[0, 1], [208, 14031]]}",{}
278,NC00962.3,BDQ-0.2-0.9,0.0,GARC1,RUS,BDQ,Rv0678@347_ins_c,U,{},"{""proportion"": 1.0, ""confidence"": [0.26986594878405434, 1.0000000000000002], ""p_value"": 0.2, ""contingency"": [[1, 0], [208, 14031]]}",{}
280,NC00962.3,BDQ-0.2-0.9,0.0,GARC1,RUS,BDQ,Rv0678@215_del_ggatgctgatccaatttgggttcattgagcggctcgcggtcgccggggatcggcgcacctatttccggttgcggcccaacgctttcgcggctggcgagcgtgaacgcatccgggcaatggccgaactgcaggacctggctgacgtggggctgagggcgctgggcgacgccccgccgcagcgaagccgacggctgcgggagatgcgggatctgttggcatatatggagaacgtcgtctccgacgccctggggcgatacagccagcgaaccggagaggacgactga,U,{},"{""proportion"": 1.0, ""confidence"": [0.26986594878405434, 1.0000000000000002], ""p_value"": 0.2, ""contingency"": [[1, 0], [208, 14031]]}",{}
281,NC00962.3,BDQ-0.2-0.9,0.0,GARC1,RUS,BDQ,Rv0678@R72L,U,{},"{""proportion"": 1.0, ""confidence"": [0.26986594878405434, 1.0000000000000002], ""p_value"": 0.2, ""contingency"": [[1, 0], [208, 14031]]}",{}
283,NC00962.3,BDQ-0.2-0.9,0.0,GARC1,RUS,BDQ,Rv0678@433_del_tatatgg,U,{},"{""proportion"": 1.0, ""confidence"": [0.26986594878405434, 1.0000000000000002], ""p_value"": 0.2, ""contingency"": [[1, 0], [208, 14031]]}",{}
285,NC00962.3,BDQ-0.2-0.9,0.0,GARC1,RUS,BDQ,Rv0678@A124E,U,{},"{""proportion"": 1.0, ""confidence"": [0.26986594878405434, 1.0000000000000002], ""p_value"": 0.2, ""contingency"": [[1, 0], [208, 14031]]}",{}
286,NC00962.3,BDQ-0.2-0.9,0.0,GARC1,RUS,BDQ,Rv0678@G24R,U,{},"{""proportion"": 1.0, ""confidence"": [0.26986594878405434, 1.0000000000000002], ""p_value"": 0.2, ""contingency"": [[1, 0], [208, 14031]]}",{}
289,NC00962.3,BDQ-0.2-0.9,0.0,GARC1,RUS,BDQ,Rv0678@A102P,U,{},"{""proportion"": 1.0, ""confidence"": [0.26986594878405434, 1.0000000000000002], ""p_value"": 0.2, ""contingency"": [[1, 0], [208, 14031]]}",{}
290,NC00962.3,BDQ-0.2-0.9,0.0,GARC1,RUS,BDQ,Rv0678@429_ins_gc,U,{},"{""proportion"": 1.0, ""confidence"": [0.26986594878405434, 1.0000000000000002], ""p_value"": 0.2, ""contingency"": [[1, 0], [208, 14031]]}",{}
292,NC00962.3,BDQ-0.2-0.9,0.0,GARC1,RUS,BDQ,Rv0678@273_ins_a,U,{},"{""proportion"": 1.0, ""confidence"": [0.26986594878405434, 1.0000000000000002], ""p_value"": 0.2, ""contingency"": [[1, 0], [208, 14031]]}",{}
293,NC00962.3,BDQ-0.2-0.9,0.0,GARC1,RUS,BDQ,Rv0678@S64I,U,{},"{""proportion"": 1.0, ""confidence"": [0.26986594878405434, 1.0000000000000002], ""p_value"": 0.2, ""contingency"": [[1, 0], [208, 14031]]}",{}
294,NC00962.3,BDQ-0.2-0.9,0.0,GARC1,RUS,BDQ,Rv0678@Q76!,U,{},"{""proportion"": 1.0, ""confidence"": [0.26986594878405434, 1.0000000000000002], ""p_value"": 0.2, ""contingency"": [[1, 0], [208, 14031]]}",{}
296,NC00962.3,BDQ-0.2-0.9,0.0,GARC1,RUS,BDQ,Rv0678@394_ins_ga,U,{},"{""proportion"": 1.0, ""confidence"": [0.26986594878405434, 1.0000000000000002], ""p_value"": 0.2, ""contingency"": [[1, 0], [208, 14031]]}",{}
297,NC00962.3,BDQ-0.2-0.9,0.0,GARC1,RUS,BDQ,Rv0678@205_del_accaatgcccggat,U,{},"{""proportion"": 1.0, ""confidence"": [0.26986594878405434, 1.0000000000000002], ""p_value"": 0.2, ""contingency"": [[1, 0], [208, 14031]]}",{}
298,NC00962.3,BDQ-0.2-0.9,0.0,GARC1,RUS,BDQ,Rv0678@437_del_t,U,{},"{""proportion"": 1.0, ""confidence"": [0.26986594878405434, 1.0000000000000002], ""p_value"": 0.2, ""contingency"": [[1, 0], [208, 14031]]}",{}
299,NC00962.3,BDQ-0.2-0.9,0.0,GARC1,RUS,BDQ,Rv0678@R135W,U,{},"{""proportion"": 1.0, ""confidence"": [0.26986594878405434, 1.0000000000000002], ""p_value"": 0.2, ""contingency"": [[1, 0], [208, 14031]]}",{}
300,NC00962.3,BDQ-0.2-0.9,0.0,GARC1,RUS,BDQ,Rv0678@S52F,U,{},"{""proportion"": 1.0, ""confidence"": [0.26986594878405434, 1.0000000000000002], ""p_value"": 0.2, ""contingency"": [[1, 0], [208, 14031]]}",{}
301,NC00962.3,BDQ-0.2-0.9,0.0,GARC1,RUS,BDQ,Rv0678@R107L,U,{},"{""proportion"": 1.0, ""confidence"": [0.26986594878405434, 1.0000000000000002], ""p_value"": 0.2, ""contingency"": [[1, 0], [208, 14031]]}",{}
302,NC00962.3,BDQ-0.2-0.9,0.0,GARC1,RUS,BDQ,Rv0678@420_ins_ga,U,{},"{""proportion"": 1.0, ""confidence"": [0.26986594878405434, 1.0000000000000002], ""p_value"": 0.2, ""contingency"": [[1, 0], [208, 14031]]}",{}
305,NC00962.3,BDQ-0.2-0.9,0.0,GARC1,RUS,BDQ,Rv0678@494_ins_ct,U,{},"{""proportion"": 0.0, ""confidence"": [0.0, 0.7301340512159458], ""p_value"": 1.0, ""contingency"": [[0, 1], [208, 14031]]}",{}
306,NC00962.3,BDQ-0.2-0.9,0.0,GARC1,RUS,BDQ,Rv0678@67_ins_t,U,{},"{""proportion"": 1.0, ""confidence"": [0.26986594878405434, 1.0000000000000002], ""p_value"": 0.2, ""contingency"": [[1, 0], [208, 14031]]}",{}
307,NC00962.3,BDQ-0.2-0.9,0.0,GARC1,RUS,BDQ,pepQ@D26A,U,{},"{""proportion"": 0.0, ""confidence"": [0.0, 0.5749693909936535], ""p_value"": 1.0, ""contingency"": [[0, 2], [208, 14031]]}",{}
308,NC00962.3,BDQ-0.2-0.9,0.0,GARC1,RUS,BDQ,pepQ@S66P,U,{},"{""proportion"": 0.0, ""confidence"": [0.0, 0.5749693909936535], ""p_value"": 1.0, ""contingency"": [[0, 2], [208, 14031]]}",{}
309,NC00962.3,BDQ-0.2-0.9,0.0,GARC1,RUS,BDQ,Rv0678@R89W,U,{},"{""proportion"": 1.0, ""confidence"": [0.26986594878405434, 1.0000000000000002], ""p_value"": 0.2, ""contingency"": [[1, 0], [208, 14031]]}",{}
310,NC00962.3,BDQ-0.2-0.9,0.0,GARC1,RUS,BDQ,pepQ@V102I,U,{},"{""proportion"": 0.0, ""confidence"": [0.0, 0.7301340512159458], ""p_value"": 1.0, ""contingency"": [[0, 1], [208, 14031]]}",{}
311,NC00962.3,BDQ-0.2-0.9,0.0,GARC1,RUS,BDQ,Rv0678@232_ins_ggt,U,{},"{""proportion"": 1.0, ""confidence"": [0.26986594878405434, 1.0000000000000002], ""p_value"": 0.2, ""contingency"": [[1, 0], [208, 14031]]}",{}
312,NC00962.3,BDQ-0.2-0.9,0.0,GARC1,RUS,BDQ,pepQ@G272W,U,{},"{""proportion"": 0.0, ""confidence"": [0.0, 0.7301340512159458], ""p_value"": 1.0, ""contingency"": [[0, 1], [208, 14031]]}",{}
313,NC00962.3,BDQ-0.2-0.9,0.0,GARC1,RUS,BDQ,pepQ@230_ins_g,U,{},"{""proportion"": 1.0, ""confidence"": [0.26986594878405434, 1.0000000000000002], ""p_value"": 0.2, ""contingency"": [[1, 0], [208, 14031]]}",{}
314,NC00962.3,BDQ-0.2-0.9,0.0,GARC1,RUS,BDQ,Rv0678@G66V,U,{},"{""proportion"": 1.0, ""confidence"": [0.26986594878405434, 1.0000000000000002], ""p_value"": 0.2, ""contingency"": [[1, 0], [208, 14031]]}",{}
315,NC00962.3,BDQ-0.2-0.9,0.0,GARC1,RUS,BDQ,Rv0678@372_del_g,U,{},"{""proportion"": 0.0, ""confidence"": [0.0, 0.7301340512159458], ""p_value"": 1.0, ""contingency"": [[0, 1], [208, 14031]]}",{}
316,NC00962.3,BDQ-0.2-0.9,0.0,GARC1,RUS,BDQ,atpE@-44_ins_c,U,{},"{""proportion"": 0.0, ""confidence"": [0.0, 0.7301340512159458], ""p_value"": 1.0, ""contingency"": [[0, 1], [208, 14031]]}",{}
317,NC00962.3,BDQ-0.2-0.9,0.0,GARC1,RUS,BDQ,Rv0678@492_ins_g,U,{},"{""proportion"": 0.0, ""confidence"": [0.0, 0.7301340512159458], ""p_value"": 1.0, ""contingency"": [[0, 1], [208, 14031]]}",{}
318,NC00962.3,BDQ-0.2-0.9,0.0,GARC1,RUS,BDQ,Rv0678@G103R,U,{},"{""proportion"": 1.0, ""confidence"": [0.26986594878405434, 1.0000000000000002], ""p_value"": 0.2, ""contingency"": [[1, 0], [208, 14031]]}",{}
319,NC00962.3,BDQ-0.2-0.9,0.0,GARC1,RUS,BDQ,Rv0678@167_del_tggcgacggcgctggcggccagcagcggggggatcagcaccaatgcccggatgctgatccaatttgggttcattgagcggctcgcggtcgccggggatcggcgcacctattt,U,{},"{""proportion"": 1.0, ""confidence"": [0.26986594878405434, 1.0000000000000002], ""p_value"": 0.2, ""contingency"": [[1, 0], [208, 14031]]}",{}
320,NC00962.3,BDQ-0.2-0.9,0.0,GARC1,RUS,BDQ,Rv0678@R38L,U,{},"{""proportion"": 1.0, ""confidence"": [0.26986594878405434, 1.0000000000000002], ""p_value"": 0.2, ""contingency"": [[1, 0], [208, 14031]]}",{}
321,NC00962.3,BDQ-0.2-0.9,0.0,GARC1,RUS,BDQ,Rv0678@D15A,U,{},"{""proportion"": 0.0, ""confidence"": [0.0, 0.7301340512159458], ""p_value"": 1.0, ""contingency"": [[0, 1], [208, 14031]]}",{}
322,NC00962.3,BDQ-0.2-0.9,0.0,GARC1,RUS,BDQ,Rv0678@415_del_atgcgggat,U,{},"{""proportion"": 1.0, ""confidence"": [0.26986594878405434, 1.0000000000000002], ""p_value"": 0.2, ""contingency"": [[1, 0], [208, 14031]]}",{}
323,NC00962.3,BDQ-0.2-0.9,0.0,GARC1,RUS,BDQ,Rv0678@226_ins_a,U,{},"{""proportion"": 1.0, ""confidence"": [0.26986594878405434, 1.0000000000000002], ""p_value"": 0.2, ""contingency"": [[1, 0], [208, 14031]]}",{}
324,NC00962.3,BDQ-0.2-0.9,0.0,GARC1,RUS,BDQ,Rv0678@L44P,U,{},"{""proportion"": 0.0, ""confidence"": [0.0, 0.5749693909936535], ""p_value"": 1.0, ""contingency"": [[0, 2], [208, 14031]]}",{}
325,NC00962.3,BDQ-0.2-0.9,0.0,GARC1,RUS,BDQ,Rv0678@V1A,U,{},"{""proportion"": 0.5, ""confidence"": [0.12086631942227369, 0.8791336805777263], ""p_value"": 0.3600000000000001, ""contingency"": [[1, 1], [208, 14031]]}",{}
326,NC00962.3,BDQ-0.2-0.9,0.0,GARC1,RUS,BDQ,Rv0678@F19V,U,{},"{""proportion"": 0.0, ""confidence"": [0.0, 0.7301340512159458], ""p_value"": 1.0, ""contingency"": [[0, 1], [208, 14031]]}",{}
327,NC00962.3,BDQ-0.2-0.9,0.0,GARC1,RUS,BDQ,Rv0678@T58P,U,{},"{""proportion"": 0.0, ""confidence"": [0.0, 0.7301340512159458], ""p_value"": 1.0, ""contingency"": [[0, 1], [208, 14031]]}",{}
328,NC00962.3,BDQ-0.2-0.9,0.0,GARC1,RUS,BDQ,Rv0678@t-20g,U,{},"{""proportion"": 1.0, ""confidence"": [0.26986594878405434, 1.0000000000000002], ""p_value"": 0.2, ""contingency"": [[1, 0], [208, 14031]]}",{}
329,NC00962.3,BDQ-0.2-0.9,0.0,GARC1,RUS,BDQ,Rv0678@R34L,U,{},"{""proportion"": 0.0, ""confidence"": [0.0, 0.7301340512159458], ""p_value"": 1.0, ""contingency"": [[0, 1], [208, 14031]]}",{}
330,NC00962.3,BDQ-0.2-0.9,0.0,GARC1,RUS,BDQ,Rv0678@R135Q,U,{},"{""proportion"": 0.0, ""confidence"": [0.0, 0.7301340512159458], ""p_value"": 1.0, ""contingency"": [[0, 1], [208, 14031]]}",{}
331,NC00962.3,BDQ-0.2-0.9,0.0,GARC1,RUS,BDQ,Rv0678@R30S,U,{},"{""proportion"": 0.0, ""confidence"": [0.0, 0.7301340512159458], ""p_value"": 1.0, ""contingency"": [[0, 1], [208, 14031]]}",{}
332,NC00962.3,BDQ-0.2-0.9,0.0,GARC1,RUS,BDQ,pepQ@K117R,U,{},"{""proportion"": 0.0, ""confidence"": [0.0, 0.7301340512159458], ""p_value"": 1.0, ""contingency"": [[0, 1], [208, 14031]]}",{}
333,NC00962.3,BDQ-0.2-0.9,0.0,GARC1,RUS,BDQ,pepQ@T56I,U,{},"{""proportion"": 0.0, ""confidence"": [0.0, 0.7301340512159458], ""p_value"": 1.0, ""contingency"": [[0, 1], [208, 14031]]}",{}
334,NC00962.3,BDQ-0.2-0.9,0.0,GARC1,RUS,BDQ,Rv0678@S63N,U,{},"{""proportion"": 0.0, ""confidence"": [0.0, 0.7301340512159458], ""p_value"": 1.0, ""contingency"": [[0, 1], [208, 14031]]}",{}
335,NC00962.3,BDQ-0.2-0.9,0.0,GARC1,RUS,BDQ,pepQ@A196V,U,{},"{""proportion"": 0.0, ""confidence"": [0.0, 0.5749693909936535], ""p_value"": 1.0, ""contingency"": [[0, 2], [208, 14031]]}",{}
336,NC00962.3,BDQ-0.2-0.9,0.0,GARC1,RUS,BDQ,Rv0678@9_del_caacgacggggtcgatcagatgggcgccgagcccgacatcatggaattcgtcgaacagatgggcggctatttcgagtccaggagtttgactcggttggcgggtcgattgttgggctggctgctggtgtgtgatcccgagcggcagtcctcggaggaactggcgacggcgctggcggccagcagcggggggatcagcaccaatgcccggatgctgatccaatttgggttcattgagcggctcgcggtcgccggggatcggcgcacctatttccggttgcggcc,U,{},"{""proportion"": 0.0, ""confidence"": [0.0, 0.7301340512159458], ""p_value"": 1.0, ""contingency"": [[0, 1], [208, 14031]]}",{}
337,NC00962.3,BDQ-0.2-0.9,0.0,GARC1,RUS,BDQ,pepQ@T127S,U,{},"{""proportion"": 0.0, ""confidence"": [0.0, 0.7301340512159458], ""p_value"": 1.0, ""contingency"": [[0, 1], [208, 14031]]}",{}
338,NC00962.3,BDQ-0.2-0.9,0.0,GARC1,RUS,BDQ,Rv0678@A59T,U,{},"{""proportion"": 0.0, ""confidence"": [0.0, 0.5749693909936535], ""p_value"": 1.0, ""contingency"": [[0, 2], [208, 14031]]}",{}
339,NC00962.3,BDQ-0.2-0.9,0.0,GARC1,RUS,BDQ,Rv0678@-7_ins_a,U,{},"{""proportion"": 0.0, ""confidence"": [0.0, 0.7301340512159458], ""p_value"": 1.0, ""contingency"": [[0, 1], [208, 14031]]}",{}
340,NC00962.3,BDQ-0.2-0.9,0.0,GARC1,RUS,BDQ,Rv0678@M139T,U,{},"{""proportion"": 0.0, ""confidence"": [0.0, 0.7301340512159458], ""p_value"": 1.0, ""contingency"": [[0, 1], [208, 14031]]}",{}
341,NC00962.3,BDQ-0.2-0.9,0.0,GARC1,RUS,BDQ,atpE@-30_del_gctaccaga,U,{},"{""proportion"": 0.0, ""confidence"": [0.0, 0.7301340512159458], ""p_value"": 1.0, ""contingency"": [[0, 1], [208, 14031]]}",{}
342,NC00962.3,BDQ-0.2-0.9,0.0,GARC1,RUS,BDQ,Rv0678@G65W,U,{},"{""proportion"": 0.0, ""confidence"": [0.0, 0.7301340512159458], ""p_value"": 1.0, ""contingency"": [[0, 1], [208, 14031]]}",{}
343,NC00962.3,BDQ-0.2-0.9,0.0,GARC1,RUS,BDQ,Rv0678@Q22E,U,{},"{""proportion"": 0.0, ""confidence"": [0.0, 0.7301340512159458], ""p_value"": 1.0, ""contingency"": [[0, 1], [208, 14031]]}",{}
344,NC00962.3,BDQ-0.2-0.9,0.0,GARC1,RUS,BDQ,Rv0678@g-29t,U,{},"{""proportion"": 0.0, ""confidence"": [0.0, 0.7301340512159458], ""p_value"": 1.0, ""contingency"": [[0, 1], [208, 14031]]}",{}
346,NC00962.3,BDQ-0.2-0.9,0.0,GARC1,RUS,BDQ,Rv0678@-*_indel,U,{},"{""default_rule"": ""True""}",{}
347,NC00962.3,BDQ-0.2-0.9,0.0,GARC1,RUS,BDQ,Rv0678@*_indel,U,{},"{""default_rule"": ""True""}",{}
348,NC00962.3,BDQ-0.2-0.9,0.0,GARC1,RUS,BDQ,Rv0678@-*?,U,{},"{""default_rule"": ""True""}",{}
349,NC00962.3,BDQ-0.2-0.9,0.0,GARC1,RUS,BDQ,Rv0678@*?,U,{},"{""default_rule"": ""True""}",{}
350,NC00962.3,BDQ-0.2-0.9,0.0,GARC1,RUS,BDQ,Rv0678@del_0.0,U,{},"{""default_rule"": ""True""}",{}
352,NC00962.3,BDQ-0.2-0.9,0.0,GARC1,RUS,BDQ,pepQ@-*_indel,U,{},"{""default_rule"": ""True""}",{}
353,NC00962.3,BDQ-0.2-0.9,0.0,GARC1,RUS,BDQ,pepQ@*_indel,U,{},"{""default_rule"": ""True""}",{}
354,NC00962.3,BDQ-0.2-0.9,0.0,GARC1,RUS,BDQ,pepQ@-*?,U,{},"{""default_rule"": ""True""}",{}
355,NC00962.3,BDQ-0.2-0.9,0.0,GARC1,RUS,BDQ,pepQ@*?,U,{},"{""default_rule"": ""True""}",{}
356,NC00962.3,BDQ-0.2-0.9,0.0,GARC1,RUS,BDQ,pepQ@del_0.0,U,{},"{""default_rule"": ""True""}",{}
357,NC00962.3,BDQ-0.2-0.9,0.0,GARC1,RUS,BDQ,mmpS5@del_0.0,U,{},"{""default_rule"": ""True""}",{}
359,NC00962.3,BDQ-0.2-0.9,0.0,GARC1,RUS,BDQ,mmpS5@-*_indel,U,{},"{""default_rule"": ""True""}",{}
360,NC00962.3,BDQ-0.2-0.9,0.0,GARC1,RUS,BDQ,mmpS5@*_indel,U,{},"{""default_rule"": ""True""}",{}
361,NC00962.3,BDQ-0.2-0.9,0.0,GARC1,RUS,BDQ,mmpS5@-*?,U,{},"{""default_rule"": ""True""}",{}
362,NC00962.3,BDQ-0.2-0.9,0.0,GARC1,RUS,BDQ,mmpS5@*?,U,{},"{""default_rule"": ""True""}",{}
364,NC00962.3,BDQ-0.2-0.9,0.0,GARC1,RUS,BDQ,mmpL5@-*_indel,U,{},"{""default_rule"": ""True""}",{}
365,NC00962.3,BDQ-0.2-0.9,0.0,GARC1,RUS,BDQ,mmpL5@*_indel,U,{},"{""default_rule"": ""True""}",{}
366,NC00962.3,BDQ-0.2-0.9,0.0,GARC1,RUS,BDQ,mmpL5@-*?,U,{},"{""default_rule"": ""True""}",{}
367,NC00962.3,BDQ-0.2-0.9,0.0,GARC1,RUS,BDQ,mmpL5@*?,U,{},"{""default_rule"": ""True""}",{}
368,NC00962.3,BDQ-0.2-0.9,0.0,GARC1,RUS,BDQ,mmpL5@del_0.0,U,{},"{""default_rule"": ""True""}",{}
370,NC00962.3,BDQ-0.2-0.9,0.0,GARC1,RUS,BDQ,atpE@-*_indel,U,{},"{""default_rule"": ""True""}",{}
371,NC00962.3,BDQ-0.2-0.9,0.0,GARC1,RUS,BDQ,atpE@*_indel,U,{},"{""default_rule"": ""True""}",{}
372,NC00962.3,BDQ-0.2-0.9,0.0,GARC1,RUS,BDQ,atpE@-*?,U,{},"{""default_rule"": ""True""}",{}
373,NC00962.3,BDQ-0.2-0.9,0.0,GARC1,RUS,BDQ,atpE@*?,U,{},"{""default_rule"": ""True""}",{}
375,NC00962.3,BDQ-0.2-0.9,0.0,GARC1,RUS,BDQ,atpE@del_0.0,U,{},"{""default_rule"": ""True""}",{}
