GENBANK_REFERENCE,CATALOGUE_NAME,CATALOGUE_VERSION,CATALOGUE_GRAMMAR,PREDICTION_VALUES,DRUG,MUTATION,PREDICTION,SOURCE,EVIDENCE,OTHER
NC00962.3,CAP-0.05-0.9-0.7,0.0,GARC1,RUS,CAP,rrs@a514c,S,{},"{""proportion"": 0.025210084033613446, ""confidence"": [0.013091115940044076, 0.048002381297587625], ""p_value"": 0.09895700517334377, ""solo_contingency"": [[6, 232], [185, 9085]], ""contingency"": [[87, 250], [869, 10332]]}",{}
NC00962.3,CAP-0.05-0.9-0.7,0.0,GARC1,RUS,CAP,rrs@c492t,S,{},"{""proportion"": 0.02032520325203252, ""confidence"": [0.009927882648717804, 0.04115880917823991], ""p_value"": 0.02751564825646939, ""solo_contingency"": [[5, 241], [185, 9085]], ""contingency"": [[6, 248], [950, 10334]]}",{}
NC00962.3,CAP-0.05-0.9-0.7,0.0,GARC1,RUS,CAP,rrs@*=,S,{},"{""default_rule"": ""True""}",{}
NC00962.3,CAP-0.05-0.9-0.7,0.0,GARC1,RUS,CAP,tlyA@*=,S,{},"{""default_rule"": ""True""}",{}
NC00962.3,CAP-0.05-0.9-0.7,0.0,GARC1,RUS,CAP,rrs@a1401g,R,{},"{""proportion"": 0.769811320754717, ""confidence"": [0.7443636780041897, 0.7934287486880127], ""p_value"": 0.0, ""solo_contingency"": [[612, 183], [196, 9561]], ""contingency"": [[619, 188], [337, 10394]]}",{}
NC00962.3,CAP-0.05-0.9-0.7,0.0,GARC1,RUS,CAP,tlyA@N236K,R,{},"{""proportion"": 1.0, ""confidence"": [0.8277332164911549, 1.0], ""p_value"": 1.2207031250000008e-17, ""solo_contingency"": [[13, 0], [196, 9561]], ""contingency"": [[13, 0], [943, 10582]]}",{}
NC00962.3,CAP-0.05-0.9-0.7,0.0,GARC1,RUS,CAP,tlyA@135_ins_g,R,{},"{""proportion"": 1.0, ""confidence"": [0.26986594878405434, 1.0000000000000002], ""p_value"": 0.05, ""solo_contingency"": [[1, 0], [196, 9561]], ""contingency"": [[1, 0], [955, 10582]]}",{}
NC00962.3,CAP-0.05-0.9-0.7,0.0,GARC1,RUS,CAP,rrs@g1484t,R,{},"{""proportion"": 0.75, ""confidence"": [0.5126619681967508, 0.8953474344295109], ""p_value"": 3.74276123046875e-10, ""solo_contingency"": [[9, 3], [196, 9561]], ""contingency"": [[10, 3], [946, 10579]]}",{}
NC00962.3,CAP-0.05-0.9-0.7,0.0,GARC1,RUS,CAP,tlyA@R244P,R,{},"{""proportion"": 1.0, ""confidence"": [0.26986594878405434, 1.0000000000000002], ""p_value"": 0.05, ""solo_contingency"": [[1, 0], [196, 9561]], ""contingency"": [[1, 0], [955, 10582]]}",{}
NC00962.3,CAP-0.05-0.9-0.7,0.0,GARC1,RUS,CAP,tlyA@100_del_a,R,{},"{""proportion"": 1.0, ""confidence"": [0.26986594878405434, 1.0000000000000002], ""p_value"": 0.05, ""solo_contingency"": [[1, 0], [196, 9561]], ""contingency"": [[1, 0], [955, 10582]]}",{}
NC00962.3,CAP-0.05-0.9-0.7,0.0,GARC1,RUS,CAP,rrs@c1402t,R,{},"{""proportion"": 0.8333333333333334, ""confidence"": [0.6007930895844599, 0.9432194472505556], ""p_value"": 5.872802734375002e-12, ""solo_contingency"": [[10, 2], [196, 9561]], ""contingency"": [[10, 2], [946, 10580]]}",{}
NC00962.3,CAP-0.05-0.9-0.7,0.0,GARC1,RUS,CAP,tlyA@D154G,R,{},"{""proportion"": 1.0, ""confidence"": [0.26986594878405434, 1.0000000000000002], ""p_value"": 0.05, ""solo_contingency"": [[1, 0], [196, 9561]], ""contingency"": [[1, 0], [955, 10582]]}",{}
NC00962.3,CAP-0.05-0.9-0.7,0.0,GARC1,RUS,CAP,tlyA@309_ins_g,R,{},"{""proportion"": 1.0, ""confidence"": [0.26986594878405434, 1.0000000000000002], ""p_value"": 0.05, ""solo_contingency"": [[1, 0], [196, 9561]], ""contingency"": [[2, 0], [954, 10582]]}",{}
NC00962.3,CAP-0.05-0.9-0.7,0.0,GARC1,RUS,CAP,tlyA@P179A,R,{},"{""proportion"": 0.5, ""confidence"": [0.12086631942227369, 0.8791336805777263], ""p_value"": 0.09749999999999999, ""solo_contingency"": [[1, 1], [196, 9561]], ""contingency"": [[1, 1], [955, 10581]]}",{}
NC00962.3,CAP-0.05-0.9-0.7,0.0,GARC1,RUS,CAP,tlyA@696_del_c,R,{},"{""proportion"": 1.0, ""confidence"": [0.26986594878405434, 1.0000000000000002], ""p_value"": 0.05, ""solo_contingency"": [[1, 0], [196, 9561]], ""contingency"": [[1, 0], [955, 10582]]}",{}
NC00962.3,CAP-0.05-0.9-0.7,0.0,GARC1,RUS,CAP,tlyA@561_del_g,R,{},"{""proportion"": 1.0, ""confidence"": [0.26986594878405434, 1.0000000000000002], ""p_value"": 0.05, ""solo_contingency"": [[1, 0], [196, 9561]], ""contingency"": [[1, 0], [955, 10582]]}",{}
NC00962.3,CAP-0.05-0.9-0.7,0.0,GARC1,RUS,CAP,tlyA@550_del_c,R,{},"{""proportion"": 1.0, ""confidence"": [0.26986594878405434, 1.0000000000000002], ""p_value"": 0.05, ""solo_contingency"": [[1, 0], [196, 9561]], ""contingency"": [[1, 0], [955, 10582]]}",{}
NC00962.3,CAP-0.05-0.9-0.7,0.0,GARC1,RUS,CAP,tlyA@96_del_gcgcatcgacgggctgccggcggtcaagccggccaccgccgtgtccgacaccaccgcgctgaccgtggtgaccgacagtgaacgcgcctgggtatcgcgcggagcgcacaaactagtcggtgcgctggaggcgttcgcgatcgcggtggcgggccggcgctgtctggacgcgg,R,{},"{""proportion"": 1.0, ""confidence"": [0.26986594878405434, 1.0000000000000002], ""p_value"": 0.05, ""solo_contingency"": [[1, 0], [196, 9561]], ""contingency"": [[1, 0], [955, 10582]]}",{}
NC00962.3,CAP-0.05-0.9-0.7,0.0,GARC1,RUS,CAP,tlyA@593_del_t,R,{},"{""proportion"": 1.0, ""confidence"": [0.26986594878405434, 1.0000000000000002], ""p_value"": 0.05, ""solo_contingency"": [[1, 0], [196, 9561]], ""contingency"": [[1, 0], [955, 10582]]}",{}
NC00962.3,CAP-0.05-0.9-0.7,0.0,GARC1,RUS,CAP,tlyA@V1A,R,{},"{""proportion"": 1.0, ""confidence"": [0.26986594878405434, 1.0000000000000002], ""p_value"": 0.05, ""solo_contingency"": [[1, 0], [196, 9561]], ""contingency"": [[1, 0], [955, 10582]]}",{}
NC00962.3,CAP-0.05-0.9-0.7,0.0,GARC1,RUS,CAP,tlyA@C86R,R,{},"{""proportion"": 1.0, ""confidence"": [0.26986594878405434, 1.0000000000000002], ""p_value"": 0.05, ""solo_contingency"": [[1, 0], [196, 9561]], ""contingency"": [[1, 0], [955, 10582]]}",{}
NC00962.3,CAP-0.05-0.9-0.7,0.0,GARC1,RUS,CAP,tlyA@R18!,R,{},"{""proportion"": 1.0, ""confidence"": [0.26986594878405434, 1.0000000000000002], ""p_value"": 0.05, ""solo_contingency"": [[1, 0], [196, 9561]], ""contingency"": [[1, 0], [955, 10582]]}",{}
NC00962.3,CAP-0.05-0.9-0.7,0.0,GARC1,RUS,CAP,rrs@g1484a,R,{},"{""proportion"": 0.5, ""confidence"": [0.12086631942227369, 0.8791336805777263], ""p_value"": 0.09749999999999999, ""solo_contingency"": [[1, 1], [196, 9561]], ""contingency"": [[1, 1], [955, 10581]]}",{}
NC00962.3,CAP-0.05-0.9-0.7,0.0,GARC1,RUS,CAP,tlyA@L150P,R,{},"{""proportion"": 1.0, ""confidence"": [0.5258044258424873, 1.0], ""p_value"": 0.00012500000000000003, ""solo_contingency"": [[3, 0], [196, 9561]], ""contingency"": [[3, 0], [953, 10582]]}",{}
NC00962.3,CAP-0.05-0.9-0.7,0.0,GARC1,RUS,CAP,tlyA@396_ins_c,R,{},"{""proportion"": 0.6666666666666666, ""confidence"": [0.25353386828122415, 0.9217342736662715], ""p_value"": 0.007250000000000001, ""solo_contingency"": [[2, 1], [196, 9561]], ""contingency"": [[2, 1], [954, 10581]]}",{}
NC00962.3,CAP-0.05-0.9-0.7,0.0,GARC1,RUS,CAP,tlyA@L155R,R,{},"{""proportion"": 1.0, ""confidence"": [0.26986594878405434, 1.0000000000000002], ""p_value"": 0.05, ""solo_contingency"": [[1, 0], [196, 9561]], ""contingency"": [[1, 0], [955, 10582]]}",{}
NC00962.3,CAP-0.05-0.9-0.7,0.0,GARC1,RUS,CAP,tlyA@225_del_g,R,{},"{""proportion"": 1.0, ""confidence"": [0.26986594878405434, 1.0000000000000002], ""p_value"": 0.05, ""solo_contingency"": [[1, 0], [196, 9561]], ""contingency"": [[1, 0], [955, 10582]]}",{}
NC00962.3,CAP-0.05-0.9-0.7,0.0,GARC1,RUS,CAP,tlyA@Q22!,R,{},"{""proportion"": 1.0, ""confidence"": [0.26986594878405434, 1.0000000000000002], ""p_value"": 0.05, ""solo_contingency"": [[1, 0], [196, 9561]], ""contingency"": [[1, 0], [955, 10582]]}",{}
NC00962.3,CAP-0.05-0.9-0.7,0.0,GARC1,RUS,CAP,tlyA@G232D,R,{},"{""proportion"": 0.8260869565217391, ""confidence"": [0.6640978679060803, 0.9194338526656628], ""p_value"": 1.390256303548814e-21, ""solo_contingency"": [[19, 4], [196, 9561]], ""contingency"": [[19, 4], [937, 10578]]}",{}
NC00962.3,CAP-0.05-0.9-0.7,0.0,GARC1,RUS,CAP,tlyA@590_ins_a,R,{},"{""proportion"": 1.0, ""confidence"": [0.6892160186940858, 1.0], ""p_value"": 1.5625000000000006e-08, ""solo_contingency"": [[6, 0], [196, 9561]], ""contingency"": [[6, 0], [950, 10582]]}",{}
NC00962.3,CAP-0.05-0.9-0.7,0.0,GARC1,RUS,CAP,tlyA@D154A,R,{},"{""proportion"": 1.0, ""confidence"": [0.26986594878405434, 1.0000000000000002], ""p_value"": 0.05, ""solo_contingency"": [[1, 0], [196, 9561]], ""contingency"": [[1, 0], [955, 10582]]}",{}
NC00962.3,CAP-0.05-0.9-0.7,0.0,GARC1,RUS,CAP,tlyA@393_ins_ga,R,{},"{""proportion"": 1.0, ""confidence"": [0.26986594878405434, 1.0000000000000002], ""p_value"": 0.05, ""solo_contingency"": [[1, 0], [196, 9561]], ""contingency"": [[1, 0], [955, 10582]]}",{}
NC00962.3,CAP-0.05-0.9-0.7,0.0,GARC1,RUS,CAP,tlyA@266_ins_gg,R,{},"{""proportion"": 1.0, ""confidence"": [0.4250306090063464, 1.0], ""p_value"": 0.0025000000000000005, ""solo_contingency"": [[2, 0], [196, 9561]], ""contingency"": [[2, 0], [954, 10582]]}",{}
NC00962.3,CAP-0.05-0.9-0.7,0.0,GARC1,RUS,CAP,tlyA@429_ins_a,R,{},"{""proportion"": 1.0, ""confidence"": [0.26986594878405434, 1.0000000000000002], ""p_value"": 0.05, ""solo_contingency"": [[1, 0], [196, 9561]], ""contingency"": [[1, 0], [955, 10582]]}",{}
NC00962.3,CAP-0.05-0.9-0.7,0.0,GARC1,RUS,CAP,rrs@a703c,R,{},"{""proportion"": 1.0, ""confidence"": [0.26986594878405434, 1.0000000000000002], ""p_value"": 0.05, ""solo_contingency"": [[1, 0], [196, 9561]], ""contingency"": [[1, 0], [955, 10582]]}",{}
NC00962.3,CAP-0.05-0.9-0.7,0.0,GARC1,RUS,CAP,tlyA@389_ins_c,R,{},"{""proportion"": 1.0, ""confidence"": [0.26986594878405434, 1.0000000000000002], ""p_value"": 0.05, ""solo_contingency"": [[1, 0], [196, 9561]], ""contingency"": [[1, 0], [955, 10582]]}",{}
NC00962.3,CAP-0.05-0.9-0.7,0.0,GARC1,RUS,CAP,tlyA@243_del_ggcgggccggcgctgtctggacgcgggcgcatcgaccggtgggttcaccgaagtactgctggaccgtggtgccgcccacgtggtggccgccgatgtcggatacggccagctggcgtggtcgctgcgcaacgatcctcgggtggtggtcctcgagcggaccaacgcacgtggcctcacaccggaggcgatcggcggtcgcgtcgacctggtagtggccgacctgtcgttcatctcgttggctaccgtgttgcccgcgctggttggatgcgcttcgcgcgacgccgatatcgttccactggtgaagccgcagtttgaggtggggaaaggtcaggtcggccccggtggggtggtccatgacccgcagttgcgtgcgcggtcggtgctcgcggtcgcgc,R,{},"{""proportion"": 1.0, ""confidence"": [0.26986594878405434, 1.0000000000000002], ""p_value"": 0.05, ""solo_contingency"": [[1, 0], [196, 9561]], ""contingency"": [[1, 0], [955, 10582]]}",{}
NC00962.3,CAP-0.05-0.9-0.7,0.0,GARC1,RUS,CAP,tlyA@395_ins_g,R,{},"{""proportion"": 1.0, ""confidence"": [0.5965213747972954, 1.0], ""p_value"": 6.250000000000001e-06, ""solo_contingency"": [[4, 0], [196, 9561]], ""contingency"": [[4, 0], [952, 10582]]}",{}
NC00962.3,CAP-0.05-0.9-0.7,0.0,GARC1,RUS,CAP,tlyA@L74P,R,{},"{""proportion"": 1.0, ""confidence"": [0.6488834992348989, 1.0], ""p_value"": 3.125000000000001e-07, ""solo_contingency"": [[5, 0], [196, 9561]], ""contingency"": [[5, 0], [951, 10582]]}",{}
NC00962.3,CAP-0.05-0.9-0.7,0.0,GARC1,RUS,CAP,tlyA@R123P,R,{},"{""proportion"": 1.0, ""confidence"": [0.26986594878405434, 1.0000000000000002], ""p_value"": 0.05, ""solo_contingency"": [[1, 0], [196, 9561]], ""contingency"": [[1, 0], [955, 10582]]}",{}
NC00962.3,CAP-0.05-0.9-0.7,0.0,GARC1,RUS,CAP,tlyA@398_del_g,R,{},"{""proportion"": 1.0, ""confidence"": [0.5258044258424873, 1.0], ""p_value"": 0.00012500000000000003, ""solo_contingency"": [[3, 0], [196, 9561]], ""contingency"": [[3, 0], [953, 10582]]}",{}
NC00962.3,CAP-0.05-0.9-0.7,0.0,GARC1,RUS,CAP,tlyA@G95E,R,{},"{""proportion"": 1.0, ""confidence"": [0.26986594878405434, 1.0000000000000002], ""p_value"": 0.05, ""solo_contingency"": [[1, 0], [196, 9561]], ""contingency"": [[1, 0], [955, 10582]]}",{}
NC00962.3,CAP-0.05-0.9-0.7,0.0,GARC1,RUS,CAP,tlyA@201_ins_cacaaacta,R,{},"{""proportion"": 1.0, ""confidence"": [0.26986594878405434, 1.0000000000000002], ""p_value"": 0.05, ""solo_contingency"": [[1, 0], [196, 9561]], ""contingency"": [[1, 0], [955, 10582]]}",{}
NC00962.3,CAP-0.05-0.9-0.7,0.0,GARC1,RUS,CAP,tlyA@447_ins_ctggtagtggccgacctgtcgttcatctcgtt,R,{},"{""proportion"": 1.0, ""confidence"": [0.26986594878405434, 1.0000000000000002], ""p_value"": 0.05, ""solo_contingency"": [[1, 0], [196, 9561]], ""contingency"": [[1, 0], [955, 10582]]}",{}
NC00962.3,CAP-0.05-0.9-0.7,0.0,GARC1,RUS,CAP,rrs@c517t,U,{},"{""proportion"": 0.0675, ""confidence"": [0.049637337837643916, 0.09117409219065742], ""p_value"": 0.10815481086028203, ""solo_contingency"": [[27, 373], [196, 9561]], ""contingency"": [[28, 379], [928, 10203]]}",{}
NC00962.3,CAP-0.05-0.9-0.7,0.0,GARC1,RUS,CAP,tlyA@H68R,U,{},"{""proportion"": 0.0, ""confidence"": [0.0, 0.16195483023523788], ""p_value"": 1.0, ""solo_contingency"": [[0, 14], [196, 9561]], ""contingency"": [[0, 15], [956, 10567]]}",{}
NC00962.3,CAP-0.05-0.9-0.7,0.0,GARC1,RUS,CAP,tlyA@A5V,U,{},"{""proportion"": 0.0, ""confidence"": [0.0, 0.5749693909936535], ""p_value"": 1.0, ""solo_contingency"": [[0, 2], [196, 9561]], ""contingency"": [[0, 2], [956, 10580]]}",{}
NC00962.3,CAP-0.05-0.9-0.7,0.0,GARC1,RUS,CAP,rrs@642_ins_t,U,{},"{""proportion"": 0.0, ""confidence"": [-2.1340331742842984e-17, 0.2311335193197566], ""p_value"": 1.0, ""solo_contingency"": [[0, 9], [196, 9561]], ""contingency"": [[0, 9], [956, 10573]]}",{}
NC00962.3,CAP-0.05-0.9-0.7,0.0,GARC1,RUS,CAP,tlyA@P179S,U,{},"{""proportion"": 0.0, ""confidence"": [0.0, 0.4741955741575127], ""p_value"": 1.0, ""solo_contingency"": [[0, 3], [196, 9561]], ""contingency"": [[0, 3], [956, 10579]]}",{}
NC00962.3,CAP-0.05-0.9-0.7,0.0,GARC1,RUS,CAP,rrs@a514t,U,{},"{""proportion"": 0.1, ""confidence"": [0.02263490873086721, 0.3477186673358584], ""p_value"": 0.401263060761621, ""solo_contingency"": [[1, 9], [196, 9561]], ""contingency"": [[1, 9], [955, 10573]]}",{}
NC00962.3,CAP-0.05-0.9-0.7,0.0,GARC1,RUS,CAP,rrs@a906g,U,{},"{""proportion"": 0.037037037037037035, ""confidence"": [0.008306514650210659, 0.15009972563174157], ""p_value"": 1.0, ""solo_contingency"": [[1, 26], [196, 9561]], ""contingency"": [[3, 28], [953, 10554]]}",{}
NC00962.3,CAP-0.05-0.9-0.7,0.0,GARC1,RUS,CAP,tlyA@R20H,U,{},"{""proportion"": 0.0, ""confidence"": [0.0, 0.7301340512159458], ""p_value"": 1.0, ""solo_contingency"": [[0, 1], [196, 9561]], ""contingency"": [[0, 1], [956, 10581]]}",{}
NC00962.3,CAP-0.05-0.9-0.7,0.0,GARC1,RUS,CAP,rrs@t-4g,U,{},"{""proportion"": 0.058823529411764705, ""confidence"": [0.0132343756497352, 0.22555850337220604], ""p_value"": 0.5818796647808225, ""solo_contingency"": [[1, 16], [196, 9561]], ""contingency"": [[1, 16], [955, 10566]]}",{}
NC00962.3,CAP-0.05-0.9-0.7,0.0,GARC1,RUS,CAP,rrs@-58_ins_t,U,{},"{""proportion"": 0.0, ""confidence"": [0.0, 0.7301340512159458], ""p_value"": 1.0, ""solo_contingency"": [[0, 1], [196, 9561]], ""contingency"": [[0, 1], [956, 10581]]}",{}
NC00962.3,CAP-0.05-0.9-0.7,0.0,GARC1,RUS,CAP,rrs@c1153t,U,{},"{""proportion"": 0.0, ""confidence"": [0.0, 0.7301340512159458], ""p_value"": 1.0, ""solo_contingency"": [[0, 1], [196, 9561]], ""contingency"": [[0, 1], [956, 10581]]}",{}
NC00962.3,CAP-0.05-0.9-0.7,0.0,GARC1,RUS,CAP,rrs@g5t,U,{},"{""proportion"": 0.0, ""confidence"": [0.0, 0.25272359742376316], ""p_value"": 1.0, ""solo_contingency"": [[0, 8], [196, 9561]], ""contingency"": [[0, 9], [956, 10573]]}",{}
NC00962.3,CAP-0.05-0.9-0.7,0.0,GARC1,RUS,CAP,rrs@a1058g,U,{},"{""proportion"": 0.0, ""confidence"": [0.0, 0.7301340512159458], ""p_value"": 1.0, ""solo_contingency"": [[0, 1], [196, 9561]], ""contingency"": [[0, 1], [956, 10581]]}",{}
NC00962.3,CAP-0.05-0.9-0.7,0.0,GARC1,RUS,CAP,tlyA@394_ins_a,U,{},"{""proportion"": 0.0, ""confidence"": [0.0, 0.7301340512159458], ""p_value"": 1.0, ""solo_contingency"": [[0, 1], [196, 9561]], ""contingency"": [[0, 1], [956, 10581]]}",{}
NC00962.3,CAP-0.05-0.9-0.7,0.0,GARC1,RUS,CAP,rrs@a1449g,U,{},"{""proportion"": 0.0, ""confidence"": [0.0, 0.3511165007651012], ""p_value"": 1.0, ""solo_contingency"": [[0, 5], [196, 9561]], ""contingency"": [[0, 5], [956, 10577]]}",{}
NC00962.3,CAP-0.05-0.9-0.7,0.0,GARC1,RUS,CAP,rrs@g1285a,U,{},"{""proportion"": 0.0, ""confidence"": [0.0, 0.4741955741575127], ""p_value"": 1.0, ""solo_contingency"": [[0, 3], [196, 9561]], ""contingency"": [[0, 3], [956, 10579]]}",{}
NC00962.3,CAP-0.05-0.9-0.7,0.0,GARC1,RUS,CAP,rrs@c-82t,U,{},"{""proportion"": 0.0, ""confidence"": [0.0, 0.7301340512159458], ""p_value"": 1.0, ""solo_contingency"": [[0, 1], [196, 9561]], ""contingency"": [[0, 1], [956, 10581]]}",{}
NC00962.3,CAP-0.05-0.9-0.7,0.0,GARC1,RUS,CAP,rrs@g1016c,U,{},"{""proportion"": 0.0, ""confidence"": [0.0, 0.5749693909936535], ""p_value"": 1.0, ""solo_contingency"": [[0, 2], [196, 9561]], ""contingency"": [[0, 3], [956, 10579]]}",{}
NC00962.3,CAP-0.05-0.9-0.7,0.0,GARC1,RUS,CAP,rrs@c306t,U,{},"{""proportion"": 0.0, ""confidence"": [0.0, 0.7301340512159458], ""p_value"": 1.0, ""solo_contingency"": [[0, 1], [196, 9561]], ""contingency"": [[0, 1], [956, 10581]]}",{}
NC00962.3,CAP-0.05-0.9-0.7,0.0,GARC1,RUS,CAP,rrs@c1259g,U,{},"{""proportion"": 0.0, ""confidence"": [0.0, 0.7301340512159458], ""p_value"": 1.0, ""solo_contingency"": [[0, 1], [196, 9561]], ""contingency"": [[0, 1], [956, 10581]]}",{}
NC00962.3,CAP-0.05-0.9-0.7,0.0,GARC1,RUS,CAP,rrs@c1001g,U,{},"{""proportion"": 0.0, ""confidence"": [0.0, 0.7301340512159458], ""p_value"": 1.0, ""solo_contingency"": [[0, 1], [196, 9561]], ""contingency"": [[0, 1], [956, 10581]]}",{}
NC00962.3,CAP-0.05-0.9-0.7,0.0,GARC1,RUS,CAP,rrs@480_ins_t,U,{},"{""proportion"": 0.0, ""confidence"": [0.0, 0.7301340512159458], ""p_value"": 1.0, ""solo_contingency"": [[0, 1], [196, 9561]], ""contingency"": [[0, 1], [956, 10581]]}",{}
NC00962.3,CAP-0.05-0.9-0.7,0.0,GARC1,RUS,CAP,rrs@159_ins_t,U,{},"{""proportion"": 0.0, ""confidence"": [0.0, 0.7301340512159458], ""p_value"": 1.0, ""solo_contingency"": [[0, 1], [196, 9561]], ""contingency"": [[0, 1], [956, 10581]]}",{}
NC00962.3,CAP-0.05-0.9-0.7,0.0,GARC1,RUS,CAP,rrs@t-67c,U,{},"{""proportion"": 0.0, ""confidence"": [0.0, 0.7301340512159458], ""p_value"": 1.0, ""solo_contingency"": [[0, 1], [196, 9561]], ""contingency"": [[0, 1], [956, 10581]]}",{}
NC00962.3,CAP-0.05-0.9-0.7,0.0,GARC1,RUS,CAP,tlyA@A250T,U,{},"{""proportion"": 0.0, ""confidence"": [0.0, 0.7301340512159458], ""p_value"": 1.0, ""solo_contingency"": [[0, 1], [196, 9561]], ""contingency"": [[0, 1], [956, 10581]]}",{}
NC00962.3,CAP-0.05-0.9-0.7,0.0,GARC1,RUS,CAP,tlyA@R249Q,U,{},"{""proportion"": 0.0, ""confidence"": [0.0, 0.7301340512159458], ""p_value"": 1.0, ""solo_contingency"": [[0, 1], [196, 9561]], ""contingency"": [[0, 1], [956, 10581]]}",{}
NC00962.3,CAP-0.05-0.9-0.7,0.0,GARC1,RUS,CAP,rrs@t603c,U,{},"{""proportion"": 0.0, ""confidence"": [0.0, 0.7301340512159458], ""p_value"": 1.0, ""solo_contingency"": [[0, 1], [196, 9561]], ""contingency"": [[0, 1], [956, 10581]]}",{}
NC00962.3,CAP-0.05-0.9-0.7,0.0,GARC1,RUS,CAP,rrs@c1141t,U,{},"{""proportion"": 0.0, ""confidence"": [0.0, 0.278762695452542], ""p_value"": 1.0, ""solo_contingency"": [[0, 7], [196, 9561]], ""contingency"": [[0, 7], [956, 10575]]}",{}
NC00962.3,CAP-0.05-0.9-0.7,0.0,GARC1,RUS,CAP,tlyA@V151I,U,{},"{""proportion"": 0.0, ""confidence"": [0.0, 0.7301340512159458], ""p_value"": 1.0, ""solo_contingency"": [[0, 1], [196, 9561]], ""contingency"": [[0, 1], [956, 10581]]}",{}
NC00962.3,CAP-0.05-0.9-0.7,0.0,GARC1,RUS,CAP,tlyA@A166V,U,{},"{""proportion"": 0.0, ""confidence"": [0.0, 0.5749693909936535], ""p_value"": 1.0, ""solo_contingency"": [[0, 2], [196, 9561]], ""contingency"": [[0, 2], [956, 10580]]}",{}
NC00962.3,CAP-0.05-0.9-0.7,0.0,GARC1,RUS,CAP,rrs@t-89c,U,{},"{""proportion"": 0.0, ""confidence"": [0.0, 0.7301340512159458], ""p_value"": 1.0, ""solo_contingency"": [[0, 1], [196, 9561]], ""contingency"": [[0, 1], [956, 10581]]}",{}
NC00962.3,CAP-0.05-0.9-0.7,0.0,GARC1,RUS,CAP,rrs@c650t,U,{},"{""proportion"": 0.0, ""confidence"": [0.0, 0.7301340512159458], ""p_value"": 1.0, ""solo_contingency"": [[0, 1], [196, 9561]], ""contingency"": [[0, 1], [956, 10581]]}",{}
NC00962.3,CAP-0.05-0.9-0.7,0.0,GARC1,RUS,CAP,tlyA@E132A,U,{},"{""proportion"": 0.0, ""confidence"": [0.0, 0.7301340512159458], ""p_value"": 1.0, ""solo_contingency"": [[0, 1], [196, 9561]], ""contingency"": [[0, 1], [956, 10581]]}",{}
NC00962.3,CAP-0.05-0.9-0.7,0.0,GARC1,RUS,CAP,rrs@a908c,U,{},"{""proportion"": 0.0, ""confidence"": [0.0, 0.1839811947474769], ""p_value"": 1.0, ""solo_contingency"": [[0, 12], [196, 9561]], ""contingency"": [[0, 13], [956, 10569]]}",{}
NC00962.3,CAP-0.05-0.9-0.7,0.0,GARC1,RUS,CAP,rrs@a447g,U,{},"{""proportion"": 0.0, ""confidence"": [0.0, 0.7301340512159458], ""p_value"": 1.0, ""solo_contingency"": [[0, 1], [196, 9561]], ""contingency"": [[0, 1], [956, 10581]]}",{}
NC00962.3,CAP-0.05-0.9-0.7,0.0,GARC1,RUS,CAP,rrs@c859t,U,{},"{""proportion"": 0.0, ""confidence"": [0.0, 0.7301340512159458], ""p_value"": 1.0, ""solo_contingency"": [[0, 1], [196, 9561]], ""contingency"": [[0, 1], [956, 10581]]}",{}
NC00962.3,CAP-0.05-0.9-0.7,0.0,GARC1,RUS,CAP,rrs@g-65a,U,{},"{""proportion"": 0.0, ""confidence"": [0.0, 0.31078398130591417], ""p_value"": 1.0, ""solo_contingency"": [[0, 6], [196, 9561]], ""contingency"": [[0, 6], [956, 10576]]}",{}
NC00962.3,CAP-0.05-0.9-0.7,0.0,GARC1,RUS,CAP,rrs@c279a,U,{},"{""proportion"": 0.0, ""confidence"": [0.0, 0.7301340512159458], ""p_value"": 1.0, ""solo_contingency"": [[0, 1], [196, 9561]], ""contingency"": [[0, 1], [956, 10581]]}",{}
NC00962.3,CAP-0.05-0.9-0.7,0.0,GARC1,RUS,CAP,rrs@c708t,U,{},"{""proportion"": 0.0, ""confidence"": [0.0, 0.4741955741575127], ""p_value"": 1.0, ""solo_contingency"": [[0, 3], [196, 9561]], ""contingency"": [[0, 3], [956, 10579]]}",{}
NC00962.3,CAP-0.05-0.9-0.7,0.0,GARC1,RUS,CAP,rrs@t23g,U,{},"{""proportion"": 0.0, ""confidence"": [0.0, 0.4741955741575127], ""p_value"": 1.0, ""solo_contingency"": [[0, 3], [196, 9561]], ""contingency"": [[0, 3], [956, 10579]]}",{}
NC00962.3,CAP-0.05-0.9-0.7,0.0,GARC1,RUS,CAP,rrs@c1443g,U,{},"{""proportion"": 0.09090909090909091, ""confidence"": [0.020549531219243414, 0.3227818711330893], ""p_value"": 0.43119990772354, ""solo_contingency"": [[1, 10], [196, 9561]], ""contingency"": [[1, 11], [955, 10571]]}",{}
NC00962.3,CAP-0.05-0.9-0.7,0.0,GARC1,RUS,CAP,rrs@t203c,U,{},"{""proportion"": 0.0, ""confidence"": [0.0, 0.7301340512159458], ""p_value"": 1.0, ""solo_contingency"": [[0, 1], [196, 9561]], ""contingency"": [[0, 1], [956, 10581]]}",{}
NC00962.3,CAP-0.05-0.9-0.7,0.0,GARC1,RUS,CAP,rrs@t1491a,U,{},"{""proportion"": 0.0, ""confidence"": [0.0, 0.4741955741575127], ""p_value"": 1.0, ""solo_contingency"": [[0, 3], [196, 9561]], ""contingency"": [[0, 3], [956, 10579]]}",{}
NC00962.3,CAP-0.05-0.9-0.7,0.0,GARC1,RUS,CAP,rrs@g-70c,U,{},"{""proportion"": 0.0, ""confidence"": [0.0, 0.7301340512159458], ""p_value"": 1.0, ""solo_contingency"": [[0, 1], [196, 9561]], ""contingency"": [[0, 1], [956, 10581]]}",{}
NC00962.3,CAP-0.05-0.9-0.7,0.0,GARC1,RUS,CAP,rrs@t-56c,U,{},"{""proportion"": 0.0, ""confidence"": [0.0, 0.7301340512159458], ""p_value"": 1.0, ""solo_contingency"": [[0, 1], [196, 9561]], ""contingency"": [[0, 1], [956, 10581]]}",{}
NC00962.3,CAP-0.05-0.9-0.7,0.0,GARC1,RUS,CAP,rrs@a89g,U,{},"{""proportion"": 0.0, ""confidence"": [0.0, 0.7301340512159458], ""p_value"": 1.0, ""solo_contingency"": [[0, 1], [196, 9561]], ""contingency"": [[0, 1], [956, 10581]]}",{}
NC00962.3,CAP-0.05-0.9-0.7,0.0,GARC1,RUS,CAP,rrs@a504g,U,{},"{""proportion"": 0.0, ""confidence"": [0.0, 0.7301340512159458], ""p_value"": 1.0, ""solo_contingency"": [[0, 1], [196, 9561]], ""contingency"": [[0, 1], [956, 10581]]}",{}
NC00962.3,CAP-0.05-0.9-0.7,0.0,GARC1,RUS,CAP,tlyA@A29V,U,{},"{""proportion"": 0.0, ""confidence"": [0.0, 0.5749693909936535], ""p_value"": 1.0, ""solo_contingency"": [[0, 2], [196, 9561]], ""contingency"": [[0, 2], [956, 10580]]}",{}
NC00962.3,CAP-0.05-0.9-0.7,0.0,GARC1,RUS,CAP,rrs@t17g,U,{},"{""proportion"": 0.0, ""confidence"": [0.0, 0.31078398130591417], ""p_value"": 1.0, ""solo_contingency"": [[0, 6], [196, 9561]], ""contingency"": [[0, 6], [956, 10576]]}",{}
NC00962.3,CAP-0.05-0.9-0.7,0.0,GARC1,RUS,CAP,rrs@c307t,U,{},"{""proportion"": 0.0, ""confidence"": [0.0, 0.7301340512159458], ""p_value"": 1.0, ""solo_contingency"": [[0, 1], [196, 9561]], ""contingency"": [[0, 1], [956, 10581]]}",{}
NC00962.3,CAP-0.05-0.9-0.7,0.0,GARC1,RUS,CAP,rrs@g204a,U,{},"{""proportion"": 0.0, ""confidence"": [0.0, 0.4741955741575127], ""p_value"": 1.0, ""solo_contingency"": [[0, 3], [196, 9561]], ""contingency"": [[0, 3], [956, 10579]]}",{}
NC00962.3,CAP-0.05-0.9-0.7,0.0,GARC1,RUS,CAP,rrs@a907t,U,{},"{""proportion"": 0.0, ""confidence"": [0.0, 0.4741955741575127], ""p_value"": 1.0, ""solo_contingency"": [[0, 3], [196, 9561]], ""contingency"": [[0, 3], [956, 10579]]}",{}
NC00962.3,CAP-0.05-0.9-0.7,0.0,GARC1,RUS,CAP,rrs@a908g,U,{},"{""proportion"": 0.0, ""confidence"": [0.0, 0.4741955741575127], ""p_value"": 1.0, ""solo_contingency"": [[0, 3], [196, 9561]], ""contingency"": [[0, 3], [956, 10579]]}",{}
NC00962.3,CAP-0.05-0.9-0.7,0.0,GARC1,RUS,CAP,rrs@c799a,U,{},"{""proportion"": 0.0, ""confidence"": [0.0, 0.7301340512159458], ""p_value"": 1.0, ""solo_contingency"": [[0, 1], [196, 9561]], ""contingency"": [[0, 1], [956, 10581]]}",{}
NC00962.3,CAP-0.05-0.9-0.7,0.0,GARC1,RUS,CAP,tlyA@569_ins_t,U,{},"{""proportion"": 0.0, ""confidence"": [0.0, 0.7301340512159458], ""p_value"": 1.0, ""solo_contingency"": [[0, 1], [196, 9561]], ""contingency"": [[0, 1], [956, 10581]]}",{}
NC00962.3,CAP-0.05-0.9-0.7,0.0,GARC1,RUS,CAP,tlyA@225_ins_gcgttc,U,{},"{""proportion"": 0.0, ""confidence"": [0.0, 0.7301340512159458], ""p_value"": 1.0, ""solo_contingency"": [[0, 1], [196, 9561]], ""contingency"": [[0, 1], [956, 10581]]}",{}
NC00962.3,CAP-0.05-0.9-0.7,0.0,GARC1,RUS,CAP,rrs@g878a,U,{},"{""proportion"": 0.0, ""confidence"": [0.0, 0.172266783508845], ""p_value"": 1.0, ""solo_contingency"": [[0, 13], [196, 9561]], ""contingency"": [[0, 13], [956, 10569]]}",{}
NC00962.3,CAP-0.05-0.9-0.7,0.0,GARC1,RUS,CAP,rrs@g891a,U,{},"{""proportion"": 0.0, ""confidence"": [0.0, 0.7301340512159458], ""p_value"": 1.0, ""solo_contingency"": [[0, 1], [196, 9561]], ""contingency"": [[0, 5], [956, 10577]]}",{}
NC00962.3,CAP-0.05-0.9-0.7,0.0,GARC1,RUS,CAP,rrs@t-32g,U,{},"{""proportion"": 0.0, ""confidence"": [0.0, 0.4741955741575127], ""p_value"": 1.0, ""solo_contingency"": [[0, 3], [196, 9561]], ""contingency"": [[0, 3], [956, 10579]]}",{}
NC00962.3,CAP-0.05-0.9-0.7,0.0,GARC1,RUS,CAP,tlyA@S159!,U,{},"{""proportion"": 0.0, ""confidence"": [0.0, 0.7301340512159458], ""p_value"": 1.0, ""solo_contingency"": [[0, 1], [196, 9561]], ""contingency"": [[0, 1], [956, 10581]]}",{}
NC00962.3,CAP-0.05-0.9-0.7,0.0,GARC1,RUS,CAP,rrs@t1164a,U,{},"{""proportion"": 0.0, ""confidence"": [0.0, 0.5749693909936535], ""p_value"": 1.0, ""solo_contingency"": [[0, 2], [196, 9561]], ""contingency"": [[0, 2], [956, 10580]]}",{}
NC00962.3,CAP-0.05-0.9-0.7,0.0,GARC1,RUS,CAP,rrs@t1203c,U,{},"{""proportion"": 0.0, ""confidence"": [0.0, 0.7301340512159458], ""p_value"": 1.0, ""solo_contingency"": [[0, 1], [196, 9561]], ""contingency"": [[0, 1], [956, 10581]]}",{}
NC00962.3,CAP-0.05-0.9-0.7,0.0,GARC1,RUS,CAP,rrs@g1176a,U,{},"{""proportion"": 0.0, ""confidence"": [0.0, 0.25272359742376316], ""p_value"": 1.0, ""solo_contingency"": [[0, 8], [196, 9561]], ""contingency"": [[0, 9], [956, 10573]]}",{}
NC00962.3,CAP-0.05-0.9-0.7,0.0,GARC1,RUS,CAP,tlyA@E132G,U,{},"{""proportion"": 0.0, ""confidence"": [0.0, 0.7301340512159458], ""p_value"": 1.0, ""solo_contingency"": [[0, 1], [196, 9561]], ""contingency"": [[0, 1], [956, 10581]]}",{}
NC00962.3,CAP-0.05-0.9-0.7,0.0,GARC1,RUS,CAP,rrs@-40_ins_a,U,{},"{""proportion"": 0.0, ""confidence"": [0.0, 0.5749693909936535], ""p_value"": 1.0, ""solo_contingency"": [[0, 2], [196, 9561]], ""contingency"": [[0, 2], [956, 10580]]}",{}
NC00962.3,CAP-0.05-0.9-0.7,0.0,GARC1,RUS,CAP,rrs@t1289c,U,{},"{""proportion"": 0.0, ""confidence"": [0.0, 0.7301340512159458], ""p_value"": 1.0, ""solo_contingency"": [[0, 1], [196, 9561]], ""contingency"": [[0, 1], [956, 10581]]}",{}
NC00962.3,CAP-0.05-0.9-0.7,0.0,GARC1,RUS,CAP,tlyA@G190R,U,{},"{""proportion"": 0.0, ""confidence"": [0.0, 0.7301340512159458], ""p_value"": 1.0, ""solo_contingency"": [[0, 1], [196, 9561]], ""contingency"": [[0, 1], [956, 10581]]}",{}
NC00962.3,CAP-0.05-0.9-0.7,0.0,GARC1,RUS,CAP,rrs@1075_ins_t,U,{},"{""proportion"": 0.0, ""confidence"": [0.0, 0.5749693909936535], ""p_value"": 1.0, ""solo_contingency"": [[0, 2], [196, 9561]], ""contingency"": [[0, 2], [956, 10580]]}",{}
NC00962.3,CAP-0.05-0.9-0.7,0.0,GARC1,RUS,CAP,rrs@a493g,U,{},"{""proportion"": 0.0, ""confidence"": [0.0, 0.7301340512159458], ""p_value"": 1.0, ""solo_contingency"": [[0, 1], [196, 9561]], ""contingency"": [[0, 1], [956, 10581]]}",{}
NC00962.3,CAP-0.05-0.9-0.7,0.0,GARC1,RUS,CAP,rrs@c1346t,U,{},"{""proportion"": 0.0, ""confidence"": [0.0, 0.7301340512159458], ""p_value"": 1.0, ""solo_contingency"": [[0, 1], [196, 9561]], ""contingency"": [[0, 1], [956, 10581]]}",{}
NC00962.3,CAP-0.05-0.9-0.7,0.0,GARC1,RUS,CAP,rrs@a633c,U,{},"{""proportion"": 0.0, ""confidence"": [0.0, 0.7301340512159458], ""p_value"": 1.0, ""solo_contingency"": [[0, 1], [196, 9561]], ""contingency"": [[0, 1], [956, 10581]]}",{}
NC00962.3,CAP-0.05-0.9-0.7,0.0,GARC1,RUS,CAP,tlyA@P229R,U,{},"{""proportion"": 0.0, ""confidence"": [0.0, 0.7301340512159458], ""p_value"": 1.0, ""solo_contingency"": [[0, 1], [196, 9561]], ""contingency"": [[0, 1], [956, 10581]]}",{}
NC00962.3,CAP-0.05-0.9-0.7,0.0,GARC1,RUS,CAP,rrs@g1523a,U,{},"{""proportion"": 0.25, ""confidence"": [0.05790732119985871, 0.6438319914014936], ""p_value"": 0.18549374999999999, ""solo_contingency"": [[1, 3], [196, 9561]], ""contingency"": [[1, 3], [955, 10579]]}",{}
NC00962.3,CAP-0.05-0.9-0.7,0.0,GARC1,RUS,CAP,rrs@a1162c,U,{},"{""proportion"": 0.0, ""confidence"": [0.0, 0.7301340512159458], ""p_value"": 1.0, ""solo_contingency"": [[0, 1], [196, 9561]], ""contingency"": [[0, 1], [956, 10581]]}",{}
NC00962.3,CAP-0.05-0.9-0.7,0.0,GARC1,RUS,CAP,rrs@a1244g,U,{},"{""proportion"": 0.0, ""confidence"": [0.0, 0.7301340512159458], ""p_value"": 1.0, ""solo_contingency"": [[0, 1], [196, 9561]], ""contingency"": [[0, 1], [956, 10581]]}",{}
NC00962.3,CAP-0.05-0.9-0.7,0.0,GARC1,RUS,CAP,rrs@g1323t,U,{},"{""proportion"": 0.0, ""confidence"": [0.0, 0.3511165007651012], ""p_value"": 1.0, ""solo_contingency"": [[0, 5], [196, 9561]], ""contingency"": [[0, 5], [956, 10577]]}",{}
NC00962.3,CAP-0.05-0.9-0.7,0.0,GARC1,RUS,CAP,rrs@t-92g,U,{},"{""proportion"": 0.0, ""confidence"": [0.0, 0.40347862520270455], ""p_value"": 1.0, ""solo_contingency"": [[0, 4], [196, 9561]], ""contingency"": [[0, 4], [956, 10578]]}",{}
NC00962.3,CAP-0.05-0.9-0.7,0.0,GARC1,RUS,CAP,tlyA@E238K,U,{},"{""proportion"": 0.0, ""confidence"": [0.0, 0.7301340512159458], ""p_value"": 1.0, ""solo_contingency"": [[0, 1], [196, 9561]], ""contingency"": [[0, 1], [956, 10581]]}",{}
NC00962.3,CAP-0.05-0.9-0.7,0.0,GARC1,RUS,CAP,rrs@c1503t,U,{},"{""proportion"": 0.0, ""confidence"": [0.0, 0.5749693909936535], ""p_value"": 1.0, ""solo_contingency"": [[0, 2], [196, 9561]], ""contingency"": [[0, 2], [956, 10580]]}",{}
NC00962.3,CAP-0.05-0.9-0.7,0.0,GARC1,RUS,CAP,rrs@g424a,U,{},"{""proportion"": 0.0, ""confidence"": [0.0, 0.5749693909936535], ""p_value"": 1.0, ""solo_contingency"": [[0, 2], [196, 9561]], ""contingency"": [[0, 2], [956, 10580]]}",{}
NC00962.3,CAP-0.05-0.9-0.7,0.0,GARC1,RUS,CAP,rrs@g673a,U,{},"{""proportion"": 0.0, ""confidence"": [0.0, 0.7301340512159458], ""p_value"": 1.0, ""solo_contingency"": [[0, 1], [196, 9561]], ""contingency"": [[0, 1], [956, 10581]]}",{}
NC00962.3,CAP-0.05-0.9-0.7,0.0,GARC1,RUS,CAP,rrs@c247t,U,{},"{""proportion"": 0.0, ""confidence"": [0.0, 0.7301340512159458], ""p_value"": 1.0, ""solo_contingency"": [[0, 1], [196, 9561]], ""contingency"": [[0, 1], [956, 10581]]}",{}
NC00962.3,CAP-0.05-0.9-0.7,0.0,GARC1,RUS,CAP,rrs@t1327g,U,{},"{""proportion"": 0.0, ""confidence"": [0.0, 0.7301340512159458], ""p_value"": 1.0, ""solo_contingency"": [[0, 1], [196, 9561]], ""contingency"": [[0, 1], [956, 10581]]}",{}
NC00962.3,CAP-0.05-0.9-0.7,0.0,GARC1,RUS,CAP,rrs@g47a,U,{},"{""proportion"": 0.0, ""confidence"": [0.0, 0.5749693909936535], ""p_value"": 1.0, ""solo_contingency"": [[0, 2], [196, 9561]], ""contingency"": [[0, 2], [956, 10580]]}",{}
NC00962.3,CAP-0.05-0.9-0.7,0.0,GARC1,RUS,CAP,rrs@t16c,U,{},"{""proportion"": 0.0, ""confidence"": [0.0, 0.5749693909936535], ""p_value"": 1.0, ""solo_contingency"": [[0, 2], [196, 9561]], ""contingency"": [[0, 2], [956, 10580]]}",{}
NC00962.3,CAP-0.05-0.9-0.7,0.0,GARC1,RUS,CAP,rrs@g1090a,U,{},"{""proportion"": 0.0, ""confidence"": [0.0, 0.7301340512159458], ""p_value"": 1.0, ""solo_contingency"": [[0, 1], [196, 9561]], ""contingency"": [[0, 1], [956, 10581]]}",{}
NC00962.3,CAP-0.05-0.9-0.7,0.0,GARC1,RUS,CAP,rrs@-2_ins_gttttgtttggaga,U,{},"{""proportion"": 0.0, ""confidence"": [0.0, 0.5749693909936535], ""p_value"": 1.0, ""solo_contingency"": [[0, 2], [196, 9561]], ""contingency"": [[0, 3], [956, 10579]]}",{}
NC00962.3,CAP-0.05-0.9-0.7,0.0,GARC1,RUS,CAP,rrs@c1021t,U,{},"{""proportion"": 0.0, ""confidence"": [-2.1340331742842984e-17, 0.2311335193197566], ""p_value"": 1.0, ""solo_contingency"": [[0, 9], [196, 9561]], ""contingency"": [[0, 9], [956, 10573]]}",{}
NC00962.3,CAP-0.05-0.9-0.7,0.0,GARC1,RUS,CAP,rrs@c905a,U,{},"{""proportion"": 0.0, ""confidence"": [0.0, 0.3511165007651012], ""p_value"": 1.0, ""solo_contingency"": [[0, 5], [196, 9561]], ""contingency"": [[0, 5], [956, 10577]]}",{}
NC00962.3,CAP-0.05-0.9-0.7,0.0,GARC1,RUS,CAP,rrs@g1432a,U,{},"{""proportion"": 0.0, ""confidence"": [0.0, 0.7301340512159458], ""p_value"": 1.0, ""solo_contingency"": [[0, 1], [196, 9561]], ""contingency"": [[0, 1], [956, 10581]]}",{}
NC00962.3,CAP-0.05-0.9-0.7,0.0,GARC1,RUS,CAP,tlyA@198_ins_gc,U,{},"{""proportion"": 0.0, ""confidence"": [0.0, 0.7301340512159458], ""p_value"": 1.0, ""solo_contingency"": [[0, 1], [196, 9561]], ""contingency"": [[0, 1], [956, 10581]]}",{}
NC00962.3,CAP-0.05-0.9-0.7,0.0,GARC1,RUS,CAP,rrs@g349a,U,{},"{""proportion"": 0.0, ""confidence"": [0.0, 0.7301340512159458], ""p_value"": 1.0, ""solo_contingency"": [[0, 1], [196, 9561]], ""contingency"": [[0, 1], [956, 10581]]}",{}
NC00962.3,CAP-0.05-0.9-0.7,0.0,GARC1,RUS,CAP,rrs@a115g,U,{},"{""proportion"": 0.0, ""confidence"": [0.0, 0.7301340512159458], ""p_value"": 1.0, ""solo_contingency"": [[0, 1], [196, 9561]], ""contingency"": [[0, 1], [956, 10581]]}",{}
NC00962.3,CAP-0.05-0.9-0.7,0.0,GARC1,RUS,CAP,rrs@c1028a,U,{},"{""proportion"": 0.0, ""confidence"": [0.0, 0.7301340512159458], ""p_value"": 1.0, ""solo_contingency"": [[0, 1], [196, 9561]], ""contingency"": [[0, 1], [956, 10581]]}",{}
NC00962.3,CAP-0.05-0.9-0.7,0.0,GARC1,RUS,CAP,rrs@t169c,U,{},"{""proportion"": 0.0, ""confidence"": [0.0, 0.7301340512159458], ""p_value"": 1.0, ""solo_contingency"": [[0, 1], [196, 9561]], ""contingency"": [[0, 1], [956, 10581]]}",{}
NC00962.3,CAP-0.05-0.9-0.7,0.0,GARC1,RUS,CAP,tlyA@I177T,U,{},"{""proportion"": 0.0, ""confidence"": [0.0, 0.7301340512159458], ""p_value"": 1.0, ""solo_contingency"": [[0, 1], [196, 9561]], ""contingency"": [[0, 1], [956, 10581]]}",{}
NC00962.3,CAP-0.05-0.9-0.7,0.0,GARC1,RUS,CAP,rrs@c1229t,U,{},"{""proportion"": 0.0, ""confidence"": [0.0, 0.7301340512159458], ""p_value"": 1.0, ""solo_contingency"": [[0, 1], [196, 9561]], ""contingency"": [[0, 1], [956, 10581]]}",{}
NC00962.3,CAP-0.05-0.9-0.7,0.0,GARC1,RUS,CAP,rrs@g1016t,U,{},"{""proportion"": 0.0, ""confidence"": [0.0, 0.7301340512159458], ""p_value"": 1.0, ""solo_contingency"": [[0, 1], [196, 9561]], ""contingency"": [[0, 1], [956, 10581]]}",{}
NC00962.3,CAP-0.05-0.9-0.7,0.0,GARC1,RUS,CAP,rrs@c1328t,U,{},"{""proportion"": 0.0, ""confidence"": [0.0, 0.7301340512159458], ""p_value"": 1.0, ""solo_contingency"": [[0, 1], [196, 9561]], ""contingency"": [[0, 1], [956, 10581]]}",{}
NC00962.3,CAP-0.05-0.9-0.7,0.0,GARC1,RUS,CAP,rrs@c1359t,U,{},"{""proportion"": 0.0, ""confidence"": [0.0, 0.7301340512159458], ""p_value"": 1.0, ""solo_contingency"": [[0, 1], [196, 9561]], ""contingency"": [[0, 1], [956, 10581]]}",{}
NC00962.3,CAP-0.05-0.9-0.7,0.0,GARC1,RUS,CAP,tlyA@Q117!,U,{},"{""proportion"": 0.0, ""confidence"": [0.0, 0.7301340512159458], ""p_value"": 1.0, ""solo_contingency"": [[0, 1], [196, 9561]], ""contingency"": [[0, 1], [956, 10581]]}",{}
NC00962.3,CAP-0.05-0.9-0.7,0.0,GARC1,RUS,CAP,rrs@g179t,U,{},"{""proportion"": 0.0, ""confidence"": [0.0, 0.7301340512159458], ""p_value"": 1.0, ""solo_contingency"": [[0, 1], [196, 9561]], ""contingency"": [[0, 1], [956, 10581]]}",{}
NC00962.3,CAP-0.05-0.9-0.7,0.0,GARC1,RUS,CAP,tlyA@I34T,U,{},"{""proportion"": 0.0, ""confidence"": [0.0, 0.7301340512159458], ""p_value"": 1.0, ""solo_contingency"": [[0, 1], [196, 9561]], ""contingency"": [[0, 1], [956, 10581]]}",{}
NC00962.3,CAP-0.05-0.9-0.7,0.0,GARC1,RUS,CAP,rrs@c1248g,U,{},"{""proportion"": 0.0, ""confidence"": [0.0, 0.7301340512159458], ""p_value"": 1.0, ""solo_contingency"": [[0, 1], [196, 9561]], ""contingency"": [[0, 1], [956, 10581]]}",{}
NC00962.3,CAP-0.05-0.9-0.7,0.0,GARC1,RUS,CAP,rrs@c37t,U,{},"{""proportion"": 0.0, ""confidence"": [0.0, 0.7301340512159458], ""p_value"": 1.0, ""solo_contingency"": [[0, 1], [196, 9561]], ""contingency"": [[0, 1], [956, 10581]]}",{}
NC00962.3,CAP-0.05-0.9-0.7,0.0,GARC1,RUS,CAP,tlyA@592_del_gtccatgacccgcagttgcgtgcgcggtcggtgctcgcggtcgcgcggcgggcacaggagctgggctggcacagcgtcggcgtcaaggccagcccgctgccgggcccatcgggcaatgtcgagtacttcctgtggttgcgcacgcagaccgaccgggcattgt,U,{},"{""proportion"": 0.0, ""confidence"": [0.0, 0.7301340512159458], ""p_value"": 1.0, ""solo_contingency"": [[0, 1], [196, 9561]], ""contingency"": [[0, 1], [956, 10581]]}",{}
NC00962.3,CAP-0.05-0.9-0.7,0.0,GARC1,RUS,CAP,rrs@t1208g,U,{},"{""proportion"": 0.0, ""confidence"": [0.0, 0.5749693909936535], ""p_value"": 1.0, ""solo_contingency"": [[0, 2], [196, 9561]], ""contingency"": [[0, 2], [956, 10580]]}",{}
NC00962.3,CAP-0.05-0.9-0.7,0.0,GARC1,RUS,CAP,tlyA@585_ins_gg,U,{},"{""proportion"": 0.0, ""confidence"": [0.0, 0.7301340512159458], ""p_value"": 1.0, ""solo_contingency"": [[0, 1], [196, 9561]], ""contingency"": [[0, 1], [956, 10581]]}",{}
NC00962.3,CAP-0.05-0.9-0.7,0.0,GARC1,RUS,CAP,rrs@a1409g,U,{},"{""proportion"": 0.0, ""confidence"": [0.0, 0.4741955741575127], ""p_value"": 1.0, ""solo_contingency"": [[0, 3], [196, 9561]], ""contingency"": [[0, 3], [956, 10579]]}",{}
NC00962.3,CAP-0.05-0.9-0.7,0.0,GARC1,RUS,CAP,rrs@c972t,U,{},"{""proportion"": 0.0, ""confidence"": [0.0, 0.7301340512159458], ""p_value"": 1.0, ""solo_contingency"": [[0, 1], [196, 9561]], ""contingency"": [[0, 1], [956, 10581]]}",{}
NC00962.3,CAP-0.05-0.9-0.7,0.0,GARC1,RUS,CAP,tlyA@V108A,U,{},"{""proportion"": 0.0, ""confidence"": [0.0, 0.7301340512159458], ""p_value"": 1.0, ""solo_contingency"": [[0, 1], [196, 9561]], ""contingency"": [[0, 1], [956, 10581]]}",{}
NC00962.3,CAP-0.05-0.9-0.7,0.0,GARC1,RUS,CAP,rrs@t16g,U,{},"{""proportion"": 0.0, ""confidence"": [0.0, 0.7301340512159458], ""p_value"": 1.0, ""solo_contingency"": [[0, 1], [196, 9561]], ""contingency"": [[0, 1], [956, 10581]]}",{}
NC00962.3,CAP-0.05-0.9-0.7,0.0,GARC1,RUS,CAP,tlyA@273_del_at,U,{},"{""proportion"": 0.0, ""confidence"": [0.0, 0.7301340512159458], ""p_value"": 1.0, ""solo_contingency"": [[0, 1], [196, 9561]], ""contingency"": [[0, 1], [956, 10581]]}",{}
NC00962.3,CAP-0.05-0.9-0.7,0.0,GARC1,RUS,CAP,rrs@c196t,U,{},"{""proportion"": 0.0, ""confidence"": [0.0, 0.7301340512159458], ""p_value"": 1.0, ""solo_contingency"": [[0, 1], [196, 9561]], ""contingency"": [[0, 1], [956, 10581]]}",{}
NC00962.3,CAP-0.05-0.9-0.7,0.0,GARC1,RUS,CAP,rrs@1010_ins_c,U,{},"{""proportion"": 0.0, ""confidence"": [0.0, 0.7301340512159458], ""p_value"": 1.0, ""solo_contingency"": [[0, 1], [196, 9561]], ""contingency"": [[0, 1], [956, 10581]]}",{}
NC00962.3,CAP-0.05-0.9-0.7,0.0,GARC1,RUS,CAP,tlyA@Q191H,U,{},"{""proportion"": 0.0, ""confidence"": [0.0, 0.7301340512159458], ""p_value"": 1.0, ""solo_contingency"": [[0, 1], [196, 9561]], ""contingency"": [[0, 1], [956, 10581]]}",{}
NC00962.3,CAP-0.05-0.9-0.7,0.0,GARC1,RUS,CAP,rrs@a1253g,U,{},"{""proportion"": 0.0, ""confidence"": [0.0, 0.7301340512159458], ""p_value"": 1.0, ""solo_contingency"": [[0, 1], [196, 9561]], ""contingency"": [[0, 1], [956, 10581]]}",{}
NC00962.3,CAP-0.05-0.9-0.7,0.0,GARC1,RUS,CAP,rrs@a335c,U,{},"{""proportion"": 0.0, ""confidence"": [0.0, 0.7301340512159458], ""p_value"": 1.0, ""solo_contingency"": [[0, 1], [196, 9561]], ""contingency"": [[0, 1], [956, 10581]]}",{}
NC00962.3,CAP-0.05-0.9-0.7,0.0,GARC1,RUS,CAP,rrs@g655c,U,{},"{""proportion"": 0.0, ""confidence"": [0.0, 0.7301340512159458], ""p_value"": 1.0, ""solo_contingency"": [[0, 1], [196, 9561]], ""contingency"": [[0, 1], [956, 10581]]}",{}
NC00962.3,CAP-0.05-0.9-0.7,0.0,GARC1,RUS,CAP,rrs@c699t,U,{},"{""proportion"": 0.0, ""confidence"": [0.0, 0.7301340512159458], ""p_value"": 1.0, ""solo_contingency"": [[0, 1], [196, 9561]], ""contingency"": [[0, 1], [956, 10581]]}",{}
NC00962.3,CAP-0.05-0.9-0.7,0.0,GARC1,RUS,CAP,tlyA@D57G,U,{},"{""proportion"": 0.0, ""confidence"": [0.0, 0.7301340512159458], ""p_value"": 1.0, ""solo_contingency"": [[0, 1], [196, 9561]], ""contingency"": [[0, 1], [956, 10581]]}",{}
NC00962.3,CAP-0.05-0.9-0.7,0.0,GARC1,RUS,CAP,tlyA@E132Q,U,{},"{""proportion"": 0.0, ""confidence"": [0.0, 0.7301340512159458], ""p_value"": 1.0, ""solo_contingency"": [[0, 1], [196, 9561]], ""contingency"": [[0, 1], [956, 10581]]}",{}
NC00962.3,CAP-0.05-0.9-0.7,0.0,GARC1,RUS,CAP,tlyA@D35G,U,{},"{""proportion"": 0.0, ""confidence"": [0.0, 0.7301340512159458], ""p_value"": 1.0, ""solo_contingency"": [[0, 1], [196, 9561]], ""contingency"": [[0, 3], [956, 10579]]}",{}
NC00962.3,CAP-0.05-0.9-0.7,0.0,GARC1,RUS,CAP,tlyA@V99I,U,{},"{""proportion"": 0.0, ""confidence"": [0.0, 0.7301340512159458], ""p_value"": 1.0, ""solo_contingency"": [[0, 1], [196, 9561]], ""contingency"": [[0, 1], [956, 10581]]}",{}
NC00962.3,CAP-0.05-0.9-0.7,0.0,GARC1,RUS,CAP,rrs@g225c,U,{},"{""proportion"": 0.0, ""confidence"": [0.0, 0.7301340512159458], ""p_value"": 1.0, ""solo_contingency"": [[0, 1], [196, 9561]], ""contingency"": [[0, 1], [956, 10581]]}",{}
NC00962.3,CAP-0.05-0.9-0.7,0.0,GARC1,RUS,CAP,tlyA@A5T,U,{},"{""proportion"": 0.0, ""confidence"": [0.0, 0.7301340512159458], ""p_value"": 1.0, ""solo_contingency"": [[0, 1], [196, 9561]], ""contingency"": [[0, 1], [956, 10581]]}",{}
NC00962.3,CAP-0.05-0.9-0.7,0.0,GARC1,RUS,CAP,rrs@g532a,U,{},"{""proportion"": 0.0, ""confidence"": [0.0, 0.7301340512159458], ""p_value"": 1.0, ""solo_contingency"": [[0, 1], [196, 9561]], ""contingency"": [[0, 1], [956, 10581]]}",{}
NC00962.3,CAP-0.05-0.9-0.7,0.0,GARC1,RUS,CAP,rrs@c941t,U,{},"{""proportion"": 0.0, ""confidence"": [0.0, 0.7301340512159458], ""p_value"": 1.0, ""solo_contingency"": [[0, 1], [196, 9561]], ""contingency"": [[0, 1], [956, 10581]]}",{}
NC00962.3,CAP-0.05-0.9-0.7,0.0,GARC1,RUS,CAP,rrs@a1171c,U,{},"{""proportion"": 0.0, ""confidence"": [0.0, 0.7301340512159458], ""p_value"": 1.0, ""solo_contingency"": [[0, 1], [196, 9561]], ""contingency"": [[0, 1], [956, 10581]]}",{}
NC00962.3,CAP-0.05-0.9-0.7,0.0,GARC1,RUS,CAP,rrs@g1234a,U,{},"{""proportion"": 0.0, ""confidence"": [0.0, 0.7301340512159458], ""p_value"": 1.0, ""solo_contingency"": [[0, 1], [196, 9561]], ""contingency"": [[0, 1], [956, 10581]]}",{}
NC00962.3,CAP-0.05-0.9-0.7,0.0,GARC1,RUS,CAP,rrs@c-34a,U,{},"{""proportion"": 0.0, ""confidence"": [0.0, 0.5749693909936535], ""p_value"": 1.0, ""solo_contingency"": [[0, 2], [196, 9561]], ""contingency"": [[0, 2], [956, 10580]]}",{}
NC00962.3,CAP-0.05-0.9-0.7,0.0,GARC1,RUS,CAP,rrs@c212t,U,{},"{""proportion"": 0.0, ""confidence"": [0.0, 0.7301340512159458], ""p_value"": 1.0, ""solo_contingency"": [[0, 1], [196, 9561]], ""contingency"": [[0, 1], [956, 10581]]}",{}
NC00962.3,CAP-0.05-0.9-0.7,0.0,GARC1,RUS,CAP,rrs@c836g,U,{},"{""proportion"": 0.0, ""confidence"": [0.0, 0.7301340512159458], ""p_value"": 1.0, ""solo_contingency"": [[0, 1], [196, 9561]], ""contingency"": [[0, 1], [956, 10581]]}",{}
NC00962.3,CAP-0.05-0.9-0.7,0.0,GARC1,RUS,CAP,tlyA@R3P,U,{},"{""proportion"": 0.0, ""confidence"": [0.0, 0.7301340512159458], ""p_value"": 1.0, ""solo_contingency"": [[0, 1], [196, 9561]], ""contingency"": [[0, 1], [956, 10581]]}",{}
NC00962.3,CAP-0.05-0.9-0.7,0.0,GARC1,RUS,CAP,tlyA@S252L,U,{},"{""proportion"": 0.0, ""confidence"": [0.0, 0.7301340512159458], ""p_value"": 1.0, ""solo_contingency"": [[0, 1], [196, 9561]], ""contingency"": [[0, 1], [956, 10581]]}",{}
NC00962.3,CAP-0.05-0.9-0.7,0.0,GARC1,RUS,CAP,tlyA@P233S,U,{},"{""proportion"": 0.0, ""confidence"": [0.0, 0.7301340512159458], ""p_value"": 1.0, ""solo_contingency"": [[0, 1], [196, 9561]], ""contingency"": [[0, 1], [956, 10581]]}",{}
NC00962.3,CAP-0.05-0.9-0.7,0.0,GARC1,RUS,CAP,rrs@c-93t,U,{},"{""proportion"": 0.0, ""confidence"": [0.0, 0.7301340512159458], ""p_value"": 1.0, ""solo_contingency"": [[0, 1], [196, 9561]], ""contingency"": [[0, 1], [956, 10581]]}",{}
NC00962.3,CAP-0.05-0.9-0.7,0.0,GARC1,RUS,CAP,rrs@c905t,U,{},"{""proportion"": 0.0, ""confidence"": [0.0, 0.7301340512159458], ""p_value"": 1.0, ""solo_contingency"": [[0, 1], [196, 9561]], ""contingency"": [[0, 1], [956, 10581]]}",{}
NC00962.3,CAP-0.05-0.9-0.7,0.0,GARC1,RUS,CAP,rrs@c905g,U,{},"{""proportion"": 0.0, ""confidence"": [0.0, 0.7301340512159458], ""p_value"": 1.0, ""solo_contingency"": [[0, 1], [196, 9561]], ""contingency"": [[0, 2], [956, 10580]]}",{}
NC00962.3,CAP-0.05-0.9-0.7,0.0,GARC1,RUS,CAP,rrs@g935a,U,{},"{""proportion"": 0.0, ""confidence"": [0.0, 0.7301340512159458], ""p_value"": 1.0, ""solo_contingency"": [[0, 1], [196, 9561]], ""contingency"": [[0, 1], [956, 10581]]}",{}
NC00962.3,CAP-0.05-0.9-0.7,0.0,GARC1,RUS,CAP,tlyA@L87P,U,{},"{""proportion"": 0.0, ""confidence"": [0.0, 0.7301340512159458], ""p_value"": 1.0, ""solo_contingency"": [[0, 1], [196, 9561]], ""contingency"": [[0, 1], [956, 10581]]}",{}
NC00962.3,CAP-0.05-0.9-0.7,0.0,GARC1,RUS,CAP,rrs@g9a,U,{},"{""proportion"": 0.0, ""confidence"": [0.0, 0.7301340512159458], ""p_value"": 1.0, ""solo_contingency"": [[0, 1], [196, 9561]], ""contingency"": [[0, 1], [956, 10581]]}",{}
NC00962.3,CAP-0.05-0.9-0.7,0.0,GARC1,RUS,CAP,rrs@a1278g,U,{},"{""proportion"": 0.0, ""confidence"": [0.0, 0.7301340512159458], ""p_value"": 1.0, ""solo_contingency"": [[0, 1], [196, 9561]], ""contingency"": [[0, 1], [956, 10581]]}",{}
NC00962.3,CAP-0.05-0.9-0.7,0.0,GARC1,RUS,CAP,rrs@c1414t,U,{},"{""proportion"": 0.0, ""confidence"": [0.0, 0.7301340512159458], ""p_value"": 1.0, ""solo_contingency"": [[0, 1], [196, 9561]], ""contingency"": [[0, 1], [956, 10581]]}",{}
NC00962.3,CAP-0.05-0.9-0.7,0.0,GARC1,RUS,CAP,tlyA@V7F,U,{},"{""proportion"": 0.0, ""confidence"": [0.0, 0.7301340512159458], ""p_value"": 1.0, ""solo_contingency"": [[0, 1], [196, 9561]], ""contingency"": [[0, 1], [956, 10581]]}",{}
NC00962.3,CAP-0.05-0.9-0.7,0.0,GARC1,RUS,CAP,rrs@t763c,U,{},"{""proportion"": 0.0, ""confidence"": [0.0, 0.7301340512159458], ""p_value"": 1.0, ""solo_contingency"": [[0, 1], [196, 9561]], ""contingency"": [[0, 1], [956, 10581]]}",{}
NC00962.3,CAP-0.05-0.9-0.7,0.0,GARC1,RUS,CAP,rrs@a273t,U,{},"{""proportion"": 0.0, ""confidence"": [0.0, 0.7301340512159458], ""p_value"": 1.0, ""solo_contingency"": [[0, 1], [196, 9561]], ""contingency"": [[0, 1], [956, 10581]]}",{}
NC00962.3,CAP-0.05-0.9-0.7,0.0,GARC1,RUS,CAP,rrs@555_ins_t,U,{},"{""proportion"": 0.0, ""confidence"": [0.0, 0.7301340512159458], ""p_value"": 1.0, ""solo_contingency"": [[0, 1], [196, 9561]], ""contingency"": [[0, 1], [956, 10581]]}",{}
NC00962.3,CAP-0.05-0.9-0.7,0.0,GARC1,RUS,CAP,tlyA@K69E,U,{},"{""proportion"": 0.0, ""confidence"": [0.0, 0.7301340512159458], ""p_value"": 1.0, ""solo_contingency"": [[0, 1], [196, 9561]], ""contingency"": [[0, 1], [956, 10581]]}",{}
NC00962.3,CAP-0.05-0.9-0.7,0.0,GARC1,RUS,CAP,tlyA@G145N,U,{},"{""proportion"": 0.0, ""confidence"": [0.0, 0.7301340512159458], ""p_value"": 1.0, ""solo_contingency"": [[0, 1], [196, 9561]], ""contingency"": [[0, 1], [956, 10581]]}",{}
NC00962.3,CAP-0.05-0.9-0.7,0.0,GARC1,RUS,CAP,rrs@g1016a,U,{},"{""proportion"": 0.0, ""confidence"": [0.0, 0.7301340512159458], ""p_value"": 1.0, ""solo_contingency"": [[0, 1], [196, 9561]], ""contingency"": [[0, 1], [956, 10581]]}",{}
NC00962.3,CAP-0.05-0.9-0.7,0.0,GARC1,RUS,CAP,rrs@c1257t,U,{},"{""proportion"": 0.0, ""confidence"": [0.0, 0.7301340512159458], ""p_value"": 1.0, ""solo_contingency"": [[0, 1], [196, 9561]], ""contingency"": [[0, 1], [956, 10581]]}",{}
NC00962.3,CAP-0.05-0.9-0.7,0.0,GARC1,RUS,CAP,rrs@g656c,U,{},"{""proportion"": 0.0, ""confidence"": [0.0, 0.7301340512159458], ""p_value"": 1.0, ""solo_contingency"": [[0, 1], [196, 9561]], ""contingency"": [[0, 1], [956, 10581]]}",{}
NC00962.3,CAP-0.05-0.9-0.7,0.0,GARC1,RUS,CAP,tlyA@590_ins_g,U,{},"{""proportion"": 0.0, ""confidence"": [0.0, 0.7301340512159458], ""p_value"": 1.0, ""solo_contingency"": [[0, 1], [196, 9561]], ""contingency"": [[0, 1], [956, 10581]]}",{}
NC00962.3,CAP-0.05-0.9-0.7,0.0,GARC1,RUS,CAP,rrs@c441t,U,{},"{""proportion"": 0.0, ""confidence"": [0.0, 0.7301340512159458], ""p_value"": 1.0, ""solo_contingency"": [[0, 1], [196, 9561]], ""contingency"": [[0, 1], [956, 10581]]}",{}
NC00962.3,CAP-0.05-0.9-0.7,0.0,GARC1,RUS,CAP,rrs@a1367g,U,{},"{""proportion"": 0.0, ""confidence"": [0.0, 0.5749693909936535], ""p_value"": 1.0, ""solo_contingency"": [[0, 2], [196, 9561]], ""contingency"": [[0, 2], [956, 10580]]}",{}
NC00962.3,CAP-0.05-0.9-0.7,0.0,GARC1,RUS,CAP,tlyA@V54G,U,{},"{""proportion"": 0.0, ""confidence"": [0.0, 0.7301340512159458], ""p_value"": 1.0, ""solo_contingency"": [[0, 1], [196, 9561]], ""contingency"": [[0, 1], [956, 10581]]}",{}
NC00962.3,CAP-0.05-0.9-0.7,0.0,GARC1,RUS,CAP,tlyA@640_ins_gg,U,{},"{""proportion"": 0.0, ""confidence"": [0.0, 0.7301340512159458], ""p_value"": 1.0, ""solo_contingency"": [[0, 1], [196, 9561]], ""contingency"": [[0, 1], [956, 10581]]}",{}
NC00962.3,CAP-0.05-0.9-0.7,0.0,GARC1,RUS,CAP,rrs@c1489t,U,{},"{""proportion"": 0.0, ""confidence"": [0.0, 0.7301340512159458], ""p_value"": 1.0, ""solo_contingency"": [[0, 1], [196, 9561]], ""contingency"": [[0, 1], [956, 10581]]}",{}
NC00962.3,CAP-0.05-0.9-0.7,0.0,GARC1,RUS,CAP,rrs@t1491c,U,{},"{""proportion"": 0.0, ""confidence"": [0.0, 0.7301340512159458], ""p_value"": 1.0, ""solo_contingency"": [[0, 1], [196, 9561]], ""contingency"": [[0, 1], [956, 10581]]}",{}
NC00962.3,CAP-0.05-0.9-0.7,0.0,GARC1,RUS,CAP,rrs@c-91t,U,{},"{""proportion"": 0.0, ""confidence"": [0.0, 0.40347862520270455], ""p_value"": 1.0, ""solo_contingency"": [[0, 4], [196, 9561]], ""contingency"": [[0, 4], [956, 10578]]}",{}
NC00962.3,CAP-0.05-0.9-0.7,0.0,GARC1,RUS,CAP,rrs@a126c,U,{},"{""proportion"": 0.0, ""confidence"": [0.0, 0.7301340512159458], ""p_value"": 1.0, ""solo_contingency"": [[0, 1], [196, 9561]], ""contingency"": [[0, 1], [956, 10581]]}",{}
NC00962.3,CAP-0.05-0.9-0.7,0.0,GARC1,RUS,CAP,tlyA@V32L,U,{},"{""proportion"": 0.0, ""confidence"": [0.0, 0.7301340512159458], ""p_value"": 1.0, ""solo_contingency"": [[0, 1], [196, 9561]], ""contingency"": [[0, 1], [956, 10581]]}",{}
NC00962.3,CAP-0.05-0.9-0.7,0.0,GARC1,RUS,CAP,rrs@c182g,U,{},"{""proportion"": 0.0, ""confidence"": [0.0, 0.7301340512159458], ""p_value"": 1.0, ""solo_contingency"": [[0, 1], [196, 9561]], ""contingency"": [[0, 2], [956, 10580]]}",{}
NC00962.3,CAP-0.05-0.9-0.7,0.0,GARC1,RUS,CAP,rrs@t213c,U,{},"{""proportion"": 0.0, ""confidence"": [0.0, 0.5749693909936535], ""p_value"": 1.0, ""solo_contingency"": [[0, 2], [196, 9561]], ""contingency"": [[0, 2], [956, 10580]]}",{}
NC00962.3,CAP-0.05-0.9-0.7,0.0,GARC1,RUS,CAP,rrs@c1220g,U,{},"{""proportion"": 0.0, ""confidence"": [0.0, 0.5749693909936535], ""p_value"": 1.0, ""solo_contingency"": [[0, 2], [196, 9561]], ""contingency"": [[0, 2], [956, 10580]]}",{}
NC00962.3,CAP-0.05-0.9-0.7,0.0,GARC1,RUS,CAP,tlyA@G116S,U,{},"{""proportion"": 0.0, ""confidence"": [0.0, 0.7301340512159458], ""p_value"": 1.0, ""solo_contingency"": [[0, 1], [196, 9561]], ""contingency"": [[0, 1], [956, 10581]]}",{}
NC00962.3,CAP-0.05-0.9-0.7,0.0,GARC1,RUS,CAP,rrs@g1379a,U,{},"{""proportion"": 0.0, ""confidence"": [0.0, 0.31078398130591417], ""p_value"": 1.0, ""solo_contingency"": [[0, 6], [196, 9561]], ""contingency"": [[0, 6], [956, 10576]]}",{}
NC00962.3,CAP-0.05-0.9-0.7,0.0,GARC1,RUS,CAP,tlyA@C86G,U,{},"{""proportion"": 0.0, ""confidence"": [0.0, 0.7301340512159458], ""p_value"": 1.0, ""solo_contingency"": [[0, 1], [196, 9561]], ""contingency"": [[0, 1], [956, 10581]]}",{}
NC00962.3,CAP-0.05-0.9-0.7,0.0,GARC1,RUS,CAP,rrs@g887a,U,{},"{""proportion"": 0.0, ""confidence"": [0.0, 0.7301340512159458], ""p_value"": 1.0, ""solo_contingency"": [[0, 1], [196, 9561]], ""contingency"": [[0, 1], [956, 10581]]}",{}
NC00962.3,CAP-0.05-0.9-0.7,0.0,GARC1,RUS,CAP,rrs@a1500t,U,{},"{""proportion"": 0.0, ""confidence"": [0.0, 0.7301340512159458], ""p_value"": 1.0, ""solo_contingency"": [[0, 1], [196, 9561]], ""contingency"": [[0, 1], [956, 10581]]}",{}
NC00962.3,CAP-0.05-0.9-0.7,0.0,GARC1,RUS,CAP,rrs@t23c,U,{},"{""proportion"": 0.0, ""confidence"": [0.0, 0.5749693909936535], ""p_value"": 1.0, ""solo_contingency"": [[0, 2], [196, 9561]], ""contingency"": [[0, 2], [956, 10580]]}",{}
NC00962.3,CAP-0.05-0.9-0.7,0.0,GARC1,RUS,CAP,rrs@c513t,U,{},"{""proportion"": 0.0, ""confidence"": [0.0, 0.7301340512159458], ""p_value"": 1.0, ""solo_contingency"": [[0, 1], [196, 9561]], ""contingency"": [[0, 1], [956, 10581]]}",{}
NC00962.3,CAP-0.05-0.9-0.7,0.0,GARC1,RUS,CAP,rrs@t16a,U,{},"{""proportion"": 0.0, ""confidence"": [0.0, 0.5749693909936535], ""p_value"": 1.0, ""solo_contingency"": [[0, 2], [196, 9561]], ""contingency"": [[0, 2], [956, 10580]]}",{}
NC00962.3,CAP-0.05-0.9-0.7,0.0,GARC1,RUS,CAP,rrs@a970c,U,{},"{""proportion"": 0.0, ""confidence"": [0.0, 0.7301340512159458], ""p_value"": 1.0, ""solo_contingency"": [[0, 1], [196, 9561]], ""contingency"": [[0, 1], [956, 10581]]}",{}
NC00962.3,CAP-0.05-0.9-0.7,0.0,GARC1,RUS,CAP,rrs@g1148a,U,{},"{""proportion"": 0.0, ""confidence"": [0.0, 0.7301340512159458], ""p_value"": 1.0, ""solo_contingency"": [[0, 1], [196, 9561]], ""contingency"": [[0, 1], [956, 10581]]}",{}
NC00962.3,CAP-0.05-0.9-0.7,0.0,GARC1,RUS,CAP,tlyA@G235D,U,{},"{""proportion"": 0.0, ""confidence"": [0.0, 0.7301340512159458], ""p_value"": 1.0, ""solo_contingency"": [[0, 1], [196, 9561]], ""contingency"": [[0, 1], [956, 10581]]}",{}
NC00962.3,CAP-0.05-0.9-0.7,0.0,GARC1,RUS,CAP,rrs@t1264c,U,{},"{""proportion"": 0.0, ""confidence"": [0.0, 0.7301340512159458], ""p_value"": 1.0, ""solo_contingency"": [[0, 1], [196, 9561]], ""contingency"": [[0, 1], [956, 10581]]}",{}
NC00962.3,CAP-0.05-0.9-0.7,0.0,GARC1,RUS,CAP,rrs@g-68c,U,{},"{""proportion"": 0.0, ""confidence"": [0.0, 0.40347862520270455], ""p_value"": 1.0, ""solo_contingency"": [[0, 4], [196, 9561]], ""contingency"": [[0, 4], [956, 10578]]}",{}
NC00962.3,CAP-0.05-0.9-0.7,0.0,GARC1,RUS,CAP,rrs@c1112a,U,{},"{""proportion"": 0.0, ""confidence"": [0.0, 0.7301340512159458], ""p_value"": 1.0, ""solo_contingency"": [[0, 1], [196, 9561]], ""contingency"": [[0, 1], [956, 10581]]}",{}
NC00962.3,CAP-0.05-0.9-0.7,0.0,GARC1,RUS,CAP,rrs@c735g,U,{},"{""proportion"": 0.0, ""confidence"": [0.0, 0.7301340512159458], ""p_value"": 1.0, ""solo_contingency"": [[0, 1], [196, 9561]], ""contingency"": [[0, 1], [956, 10581]]}",{}
NC00962.3,CAP-0.05-0.9-0.7,0.0,GARC1,RUS,CAP,tlyA@L164S,U,{},"{""proportion"": 0.0, ""confidence"": [0.0, 0.7301340512159458], ""p_value"": 1.0, ""solo_contingency"": [[0, 1], [196, 9561]], ""contingency"": [[0, 1], [956, 10581]]}",{}
NC00962.3,CAP-0.05-0.9-0.7,0.0,GARC1,RUS,CAP,tlyA@D248C,U,{},"{""proportion"": 0.0, ""confidence"": [0.0, 0.7301340512159458], ""p_value"": 1.0, ""solo_contingency"": [[0, 1], [196, 9561]], ""contingency"": [[0, 1], [956, 10581]]}",{}
NC00962.3,CAP-0.05-0.9-0.7,0.0,GARC1,RUS,CAP,rrs@g1415t,U,{},"{""proportion"": 0.0, ""confidence"": [0.0, 0.7301340512159458], ""p_value"": 1.0, ""solo_contingency"": [[0, 1], [196, 9561]], ""contingency"": [[1, 1], [955, 10581]]}",{}
NC00962.3,CAP-0.05-0.9-0.7,0.0,GARC1,RUS,CAP,tlyA@L160W,U,{},"{""proportion"": 0.0, ""confidence"": [0.0, 0.7301340512159458], ""p_value"": 1.0, ""solo_contingency"": [[0, 1], [196, 9561]], ""contingency"": [[0, 1], [956, 10581]]}",{}
NC00962.3,CAP-0.05-0.9-0.7,0.0,GARC1,RUS,CAP,rrs@a1325c,U,{},"{""proportion"": 0.0, ""confidence"": [0.0, 0.7301340512159458], ""p_value"": 1.0, ""solo_contingency"": [[0, 1], [196, 9561]], ""contingency"": [[0, 1], [956, 10581]]}",{}
NC00962.3,CAP-0.05-0.9-0.7,0.0,GARC1,RUS,CAP,tlyA@716_del_a,U,{},"{""proportion"": 0.0, ""confidence"": [0.0, 0.7301340512159458], ""p_value"": 1.0, ""solo_contingency"": [[0, 1], [196, 9561]], ""contingency"": [[0, 1], [956, 10581]]}",{}
NC00962.3,CAP-0.05-0.9-0.7,0.0,GARC1,RUS,CAP,rrs@a554t,U,{},"{""proportion"": 0.0, ""confidence"": [0.0, 0.7301340512159458], ""p_value"": 1.0, ""solo_contingency"": [[0, 1], [196, 9561]], ""contingency"": [[0, 1], [956, 10581]]}",{}
NC00962.3,CAP-0.05-0.9-0.7,0.0,GARC1,RUS,CAP,rrs@c1382g,U,{},"{""proportion"": 0.0, ""confidence"": [0.0, 0.7301340512159458], ""p_value"": 1.0, ""solo_contingency"": [[0, 1], [196, 9561]], ""contingency"": [[0, 1], [956, 10581]]}",{}
NC00962.3,CAP-0.05-0.9-0.7,0.0,GARC1,RUS,CAP,tlyA@S156A,U,{},"{""proportion"": 0.0, ""confidence"": [0.0, 0.7301340512159458], ""p_value"": 1.0, ""solo_contingency"": [[0, 1], [196, 9561]], ""contingency"": [[0, 1], [956, 10581]]}",{}
NC00962.3,CAP-0.05-0.9-0.7,0.0,GARC1,RUS,CAP,rrs@c-69a,U,{},"{""proportion"": 0.0, ""confidence"": [0.0, 0.7301340512159458], ""p_value"": 1.0, ""solo_contingency"": [[0, 1], [196, 9561]], ""contingency"": [[0, 1], [956, 10581]]}",{}
NC00962.3,CAP-0.05-0.9-0.7,0.0,GARC1,RUS,CAP,tlyA@T134I,U,{},"{""proportion"": 0.0, ""confidence"": [0.0, 0.7301340512159458], ""p_value"": 1.0, ""solo_contingency"": [[0, 1], [196, 9561]], ""contingency"": [[0, 1], [956, 10581]]}",{}
NC00962.3,CAP-0.05-0.9-0.7,0.0,GARC1,RUS,CAP,rrs@t200a,U,{},"{""proportion"": 0.0, ""confidence"": [0.0, 0.7301340512159458], ""p_value"": 1.0, ""solo_contingency"": [[0, 1], [196, 9561]], ""contingency"": [[0, 1], [956, 10581]]}",{}
NC00962.3,CAP-0.05-0.9-0.7,0.0,GARC1,RUS,CAP,tlyA@A259T,U,{},"{""proportion"": 0.0, ""confidence"": [0.0, 0.7301340512159458], ""p_value"": 1.0, ""solo_contingency"": [[0, 1], [196, 9561]], ""contingency"": [[0, 1], [956, 10581]]}",{}
NC00962.3,CAP-0.05-0.9-0.7,0.0,GARC1,RUS,CAP,rrs@g319a,U,{},"{""proportion"": 0.0, ""confidence"": [0.0, 0.7301340512159458], ""p_value"": 1.0, ""solo_contingency"": [[0, 1], [196, 9561]], ""contingency"": [[0, 1], [956, 10581]]}",{}
NC00962.3,CAP-0.05-0.9-0.7,0.0,GARC1,RUS,CAP,rrs@c-69t,U,{},"{""proportion"": 0.0, ""confidence"": [0.0, 0.7301340512159458], ""p_value"": 1.0, ""solo_contingency"": [[0, 1], [196, 9561]], ""contingency"": [[0, 1], [956, 10581]]}",{}
NC00962.3,CAP-0.05-0.9-0.7,0.0,GARC1,RUS,CAP,rrs@c462t,U,{},"{""proportion"": 0.0, ""confidence"": [0.0, 0.7301340512159458], ""p_value"": 1.0, ""solo_contingency"": [[0, 1], [196, 9561]], ""contingency"": [[0, 1], [956, 10581]]}",{}
NC00962.3,CAP-0.05-0.9-0.7,0.0,GARC1,RUS,CAP,rrs@t140g,U,{},"{""proportion"": 0.0, ""confidence"": [0.0, 0.7301340512159458], ""p_value"": 1.0, ""solo_contingency"": [[0, 1], [196, 9561]], ""contingency"": [[0, 1], [956, 10581]]}",{}
NC00962.3,CAP-0.05-0.9-0.7,0.0,GARC1,RUS,CAP,tlyA@G188E,U,{},"{""proportion"": 0.0, ""confidence"": [0.0, 0.7301340512159458], ""p_value"": 1.0, ""solo_contingency"": [[0, 1], [196, 9561]], ""contingency"": [[0, 1], [956, 10581]]}",{}
NC00962.3,CAP-0.05-0.9-0.7,0.0,GARC1,RUS,CAP,rrs@t268c,U,{},"{""proportion"": 0.0, ""confidence"": [0.0, 0.5749693909936535], ""p_value"": 1.0, ""solo_contingency"": [[0, 2], [196, 9561]], ""contingency"": [[0, 2], [956, 10580]]}",{}
NC00962.3,CAP-0.05-0.9-0.7,0.0,GARC1,RUS,CAP,rrs@t1109c,U,{},"{""proportion"": 0.0, ""confidence"": [0.0, 0.7301340512159458], ""p_value"": 1.0, ""solo_contingency"": [[0, 1], [196, 9561]], ""contingency"": [[0, 1], [956, 10581]]}",{}
NC00962.3,CAP-0.05-0.9-0.7,0.0,GARC1,RUS,CAP,rrs@t847c,U,{},"{""proportion"": 0.0, ""confidence"": [0.0, 0.7301340512159458], ""p_value"": 1.0, ""solo_contingency"": [[0, 1], [196, 9561]], ""contingency"": [[0, 1], [956, 10581]]}",{}
NC00962.3,CAP-0.05-0.9-0.7,0.0,GARC1,RUS,CAP,rrs@c1112t,U,{},"{""proportion"": 0.0, ""confidence"": [0.0, 0.7301340512159458], ""p_value"": 1.0, ""solo_contingency"": [[0, 1], [196, 9561]], ""contingency"": [[0, 1], [956, 10581]]}",{}
NC00962.3,CAP-0.05-0.9-0.7,0.0,GARC1,RUS,CAP,tlyA@V198G,U,{},"{""proportion"": 0.0, ""confidence"": [0.0, 0.7301340512159458], ""p_value"": 1.0, ""solo_contingency"": [[0, 1], [196, 9561]], ""contingency"": [[0, 1], [956, 10581]]}",{}
NC00962.3,CAP-0.05-0.9-0.7,0.0,GARC1,RUS,CAP,rrs@g187a,U,{},"{""proportion"": 0.0, ""confidence"": [0.0, 0.5749693909936535], ""p_value"": 1.0, ""solo_contingency"": [[0, 2], [196, 9561]], ""contingency"": [[0, 2], [956, 10580]]}",{}
NC00962.3,CAP-0.05-0.9-0.7,0.0,GARC1,RUS,CAP,tlyA@123_ins_c,U,{},"{""proportion"": 0.0, ""confidence"": [0.0, 0.5749693909936535], ""p_value"": 1.0, ""solo_contingency"": [[0, 2], [196, 9561]], ""contingency"": [[0, 2], [956, 10580]]}",{}
NC00962.3,CAP-0.05-0.9-0.7,0.0,GARC1,RUS,CAP,rrs@t213a,U,{},"{""proportion"": 0.0, ""confidence"": [0.0, 0.7301340512159458], ""p_value"": 1.0, ""solo_contingency"": [[0, 1], [196, 9561]], ""contingency"": [[0, 1], [956, 10581]]}",{}
NC00962.3,CAP-0.05-0.9-0.7,0.0,GARC1,RUS,CAP,rrs@-20_ins_tccaaaggga,U,{},"{""proportion"": 0.0, ""confidence"": [0.0, 0.7301340512159458], ""p_value"": 1.0, ""solo_contingency"": [[0, 1], [196, 9561]], ""contingency"": [[0, 1], [956, 10581]]}",{}
NC00962.3,CAP-0.05-0.9-0.7,0.0,GARC1,RUS,CAP,rrs@g217a,U,{},"{""proportion"": 0.0, ""confidence"": [0.0, 0.7301340512159458], ""p_value"": 1.0, ""solo_contingency"": [[0, 1], [196, 9561]], ""contingency"": [[0, 1], [956, 10581]]}",{}
NC00962.3,CAP-0.05-0.9-0.7,0.0,GARC1,RUS,CAP,rrs@c861t,U,{},"{""proportion"": 0.0, ""confidence"": [0.0, 0.7301340512159458], ""p_value"": 1.0, ""solo_contingency"": [[0, 1], [196, 9561]], ""contingency"": [[0, 2], [956, 10580]]}",{}
NC00962.3,CAP-0.05-0.9-0.7,0.0,GARC1,RUS,CAP,rrs@t-52g,U,{},"{""proportion"": 0.0, ""confidence"": [0.0, 0.7301340512159458], ""p_value"": 1.0, ""solo_contingency"": [[0, 1], [196, 9561]], ""contingency"": [[0, 2], [956, 10580]]}",{}
NC00962.3,CAP-0.05-0.9-0.7,0.0,GARC1,RUS,CAP,tlyA@L180R,U,{},"{""proportion"": 0.0, ""confidence"": [0.0, 0.7301340512159458], ""p_value"": 1.0, ""solo_contingency"": [[0, 1], [196, 9561]], ""contingency"": [[1, 1], [955, 10581]]}",{}
NC00962.3,CAP-0.05-0.9-0.7,0.0,GARC1,RUS,CAP,rrs@g-49a,U,{},"{""proportion"": 0.0, ""confidence"": [0.0, 0.7301340512159458], ""p_value"": 1.0, ""solo_contingency"": [[0, 1], [196, 9561]], ""contingency"": [[0, 1], [956, 10581]]}",{}
NC00962.3,CAP-0.05-0.9-0.7,0.0,GARC1,RUS,CAP,tlyA@L180P,U,{},"{""proportion"": 0.0, ""confidence"": [0.0, 0.7301340512159458], ""p_value"": 1.0, ""solo_contingency"": [[0, 1], [196, 9561]], ""contingency"": [[0, 1], [956, 10581]]}",{}
NC00962.3,CAP-0.05-0.9-0.7,0.0,GARC1,RUS,CAP,rrs@c141t,U,{},"{""proportion"": 0.0, ""confidence"": [0.0, 0.7301340512159458], ""p_value"": 1.0, ""solo_contingency"": [[0, 1], [196, 9561]], ""contingency"": [[0, 1], [956, 10581]]}",{}
NC00962.3,CAP-0.05-0.9-0.7,0.0,GARC1,RUS,CAP,rrs@t1191c,U,{},"{""proportion"": 0.0, ""confidence"": [0.0, 0.7301340512159458], ""p_value"": 1.0, ""solo_contingency"": [[0, 1], [196, 9561]], ""contingency"": [[0, 1], [956, 10581]]}",{}
NC00962.3,CAP-0.05-0.9-0.7,0.0,GARC1,RUS,CAP,rrs@t1465g,U,{},"{""proportion"": 0.0, ""confidence"": [0.0, 0.7301340512159458], ""p_value"": 1.0, ""solo_contingency"": [[0, 1], [196, 9561]], ""contingency"": [[0, 1], [956, 10581]]}",{}
NC00962.3,CAP-0.05-0.9-0.7,0.0,GARC1,RUS,CAP,rrs@t213g,U,{},"{""proportion"": 0.0, ""confidence"": [0.0, 0.7301340512159458], ""p_value"": 1.0, ""solo_contingency"": [[0, 1], [196, 9561]], ""contingency"": [[0, 1], [956, 10581]]}",{}
NC00962.3,CAP-0.05-0.9-0.7,0.0,GARC1,RUS,CAP,rrs@t-78c,U,{},"{""proportion"": 0.0, ""confidence"": [0.0, 0.7301340512159458], ""p_value"": 1.0, ""solo_contingency"": [[0, 1], [196, 9561]], ""contingency"": [[0, 1], [956, 10581]]}",{}
NC00962.3,CAP-0.05-0.9-0.7,0.0,GARC1,RUS,CAP,rrs@-*_indel,U,{},"{""default_rule"": ""True""}",{}
NC00962.3,CAP-0.05-0.9-0.7,0.0,GARC1,RUS,CAP,rrs@*_indel,U,{},"{""default_rule"": ""True""}",{}
NC00962.3,CAP-0.05-0.9-0.7,0.0,GARC1,RUS,CAP,rrs@-*?,U,{},"{""default_rule"": ""True""}",{}
NC00962.3,CAP-0.05-0.9-0.7,0.0,GARC1,RUS,CAP,rrs@*?,U,{},"{""default_rule"": ""True""}",{}
NC00962.3,CAP-0.05-0.9-0.7,0.0,GARC1,RUS,CAP,rrs@del_0.0,U,{},"{""default_rule"": ""True""}",{}
NC00962.3,CAP-0.05-0.9-0.7,0.0,GARC1,RUS,CAP,tlyA@-*_indel,U,{},"{""default_rule"": ""True""}",{}
NC00962.3,CAP-0.05-0.9-0.7,0.0,GARC1,RUS,CAP,tlyA@*_indel,U,{},"{""default_rule"": ""True""}",{}
NC00962.3,CAP-0.05-0.9-0.7,0.0,GARC1,RUS,CAP,tlyA@-*?,U,{},"{""default_rule"": ""True""}",{}
NC00962.3,CAP-0.05-0.9-0.7,0.0,GARC1,RUS,CAP,tlyA@*?,U,{},"{""default_rule"": ""True""}",{}
NC00962.3,CAP-0.05-0.9-0.7,0.0,GARC1,RUS,CAP,tlyA@del_0.0,U,{},"{""default_rule"": ""True""}",{}
