,Unnamed: 0,DRUG,BACKGROUND_RATE,p_value,SENSITIVITY,SPECIFICITY,DPR,SENSITIVITY2,SPECIFICITY2
0,0.0,AMI,0.05,0.9,0.857649667405765,0.9839520657001593,0.9272301302758156,0.8365051903114187,0.985188909083878
1,1.0,AMI,0.05,0.95,0.8575233022636485,0.9840345289976534,0.92708814028611,0.8356401384083045,0.9852662515951892
2,2.0,AMI,0.1,0.9,0.8428884026258205,0.9845817652057788,0.9582904405239432,0.833044982698962,0.9852662515951892
3,3.0,AMI,0.1,0.95,0.8428884026258205,0.9845617731674704,0.9571545206062972,0.833044982698962,0.9852662515951892
4,4.0,AMI,0.15,0.9,0.8416666666666667,0.9853462157809983,0.9626921302048206,0.8300173010380623,0.9859236629413356
5,5.0,AMI,0.15,0.95,0.8420359806932866,0.9852976815574764,0.9597458379184268,0.8300173010380623,0.9859236629413356
6,6.0,AMI,0.2,0.9,0.8416666666666667,0.985353880819217,0.9631535976713642,0.8300173010380623,0.9859236629413356
7,7.0,AMI,0.2,0.95,0.8416666666666667,0.9853462157809983,0.9626921302048206,0.8300173010380623,0.9859236629413356
8,8.0,AMI,0.25,0.9,0.8409290096406661,0.98540614225002,0.9663838699371694,0.8300173010380623,0.9859236629413356
9,9.0,AMI,0.25,0.95,0.8416666666666667,0.9853609491252764,0.9635795676404814,0.8300173010380623,0.9859236629413356
10,10.0,BDQ,0.05,0.9,0.8055248618784531,0.9841331772662244,0.9533930557995198,0.7649527806925498,0.9848691554012154
11,11.0,BDQ,0.05,0.95,0.8024691358024691,0.9849017310946244,0.9518707184261374,0.7502623294858342,0.9856132952995164
12,12.0,BDQ,0.1,0.9,0.7744270205066345,0.985996547093804,0.9642250717255108,0.6736621196222455,0.9864194468560088
13,13.0,BDQ,0.1,0.95,0.7733333333333333,0.9862488007675088,0.9637566602260086,0.6694648478488983,0.986667493488776
14,14.0,BDQ,0.15,0.9,0.7723970944309927,0.9863526723371842,0.9707828327185432,0.6694648478488983,0.986667493488776
15,15.0,BDQ,0.15,0.95,0.7708333333333334,0.98654250908859,0.9658059605363312,0.6600209863588667,0.9869155401215428
16,16.0,BDQ,0.2,0.9,0.769889840881273,0.9866150723166708,0.970841384155981,0.6600209863588667,0.9869155401215428
17,17.0,BDQ,0.2,0.95,0.7676143386897404,0.987167270186138,0.9690262895954096,0.6516264428121721,0.9874736450452684
18,18.0,BDQ,0.25,0.9,0.7676143386897404,0.9871786734370042,0.9698460097195386,0.6516264428121721,0.9874736450452684
19,19.0,BDQ,0.25,0.95,0.737062937062937,0.9889991097545466,0.9626441829146906,0.55299055613851,0.9892719831328288
20,20.0,CAP,0.05,0.9,0.8249496981891348,0.977598385469223,0.9296351028759804,0.793036750483559,0.9792432836751233
21,21.0,CAP,0.05,0.95,0.8242424242424242,0.9779273216689098,0.929009889735137,0.7891682785299806,0.9795549460824036
22,22.0,CAP,0.1,0.9,0.8040816326530612,0.9786720584398644,0.9549846538592702,0.7620889748549323,0.9796172785638596
23,23.0,CAP,0.1,0.95,0.8040816326530612,0.9786720584398644,0.9549846538592702,0.7620889748549323,0.9796172785638596
24,24.0,CAP,0.15,0.9,0.8035350101971448,0.9787510559490544,0.958281232238263,0.7620889748549323,0.9796172785638596
25,25.0,CAP,0.15,0.95,0.8035350101971448,0.9787261726628066,0.95725815618961,0.7620889748549323,0.9796172785638596
26,26.0,CAP,0.2,0.9,0.8029891304347826,0.9788006482982172,0.9603842218938274,0.7620889748549323,0.9796172785638596
27,27.0,CAP,0.2,0.95,0.8035350101971448,0.9787510559490544,0.958281232238263,0.7620889748549323,0.9796172785638596
28,28.0,CAP,0.25,0.9,0.8013559322033899,0.978905947619662,0.9649312265545072,0.7620889748549323,0.9796172785638596
29,29.0,CAP,0.25,0.95,0.8004101161995899,0.9789160522571464,0.9619756735250654,0.754996776273372,0.9796796110453158
30,30.0,CIP,0.05,0.9,0.0,1.0,0.0029761904761904,0.0,1.0
31,31.0,CIP,0.05,0.95,0.0,1.0,0.0029761904761904,0.0,1.0
32,32.0,CIP,0.1,0.9,0.0,1.0,0.0029761904761904,0.0,1.0
33,33.0,CIP,0.1,0.95,0.0,1.0,0.0029761904761904,0.0,1.0
34,34.0,CIP,0.15,0.9,0.0,1.0,0.0029761904761904,0.0,1.0
35,35.0,CIP,0.15,0.95,0.0,1.0,0.0029761904761904,0.0,1.0
36,36.0,CIP,0.2,0.9,0.7272727272727273,0.9534883720930232,0.0535714285714285,0.048780487804878,0.9976303317535544
37,37.0,CIP,0.2,0.95,0.7272727272727273,0.9534883720930232,0.0535714285714285,0.048780487804878,0.9976303317535544
38,38.0,CIP,0.25,0.9,0.7272727272727273,0.9534883720930232,0.0535714285714285,0.048780487804878,0.9976303317535544
39,39.0,CIP,0.25,0.95,0.0,1.0,0.0436507936507936,0.0,1.0
40,40.0,CFZ,0.05,0.9,0.1800595238095238,0.989740884042678,0.9605070697220868,0.1704225352112676,0.99014028959378
41,41.0,CFZ,0.05,0.95,0.1600609756097561,0.9916010807001058,0.9579067121729238,0.1478873239436619,0.99194320806806
42,42.0,CFZ,0.1,0.9,0.1168,0.9924224761016552,0.9632699496180724,0.1028169014084507,0.9926756436982364
43,43.0,CFZ,0.1,0.95,0.1038961038961039,0.9947907521217442,0.9589360203694676,0.0901408450704225,0.994985632993408
44,44.0,CFZ,0.15,0.9,0.1033925686591276,0.9948165404775772,0.963703342542933,0.0901408450704225,0.994985632993408
45,45.0,CFZ,0.15,0.95,0.1004862236628849,0.9948744830799696,0.9635408201961104,0.0873239436619718,0.9950419741957294
46,46.0,CFZ,0.2,0.9,0.0840197693574958,0.9961592178770948,0.963811690774148,0.0718309859154929,0.996281480646797
47,47.0,CFZ,0.2,0.95,0.0796019900497512,0.9963252449836676,0.9614280296874154,0.0676056338028169,0.9964505042537608
48,48.0,CFZ,0.25,0.9,0.0792079207920792,0.9963399755998372,0.96532856601116,0.0676056338028169,0.9964505042537608
49,49.0,CFZ,0.25,0.95,0.0053667262969588,0.9999415853729774,0.9576900157104936,0.004225352112676,0.9999436587976788
50,50.0,DLM,0.05,0.9,0.2911392405063291,0.9980838833297848,0.6189334542862697,0.1869918699186991,0.998814775795088
51,51.0,DLM,0.05,0.95,0.2631578947368421,0.9993604775101258,0.6177671224000518,0.1626016260162601,0.9996049252650292
52,52.0,DLM,0.1,0.9,0.2083333333333333,0.9993654822335024,0.6220436726495173,0.1219512195121951,0.9996049252650292
53,53.0,DLM,0.1,0.95,0.1971830985915492,0.999682640431609,0.6217196915700123,0.1138211382113821,0.9998024626325146
54,54.0,DLM,0.15,0.9,0.1971830985915492,0.999682640431609,0.6217196915700123,0.1138211382113821,0.9998024626325146
55,55.0,DLM,0.15,0.95,0.1971830985915492,0.999682640431609,0.6217196915700123,0.1138211382113821,0.9998024626325146
56,56.0,DLM,0.2,0.9,0.1971830985915492,0.999682640431609,0.6217196915700123,0.1138211382113821,0.9998024626325146
57,57.0,DLM,0.2,0.95,0.1971830985915492,0.999682640431609,0.6217196915700123,0.1138211382113821,0.9998024626325146
58,58.0,DLM,0.25,0.9,0.1971830985915492,0.9996829758004862,0.6223676537290223,0.1138211382113821,0.9998024626325146
59,59.0,DLM,0.25,0.95,0.109375,0.9996829758004862,0.6214605067064084,0.056910569105691,0.9998024626325146
60,60.0,EMB,0.05,0.9,0.9505876068376068,0.8636601079575135,0.8422240316389438,0.937442381140524,0.8893817811934901
61,61.0,EMB,0.05,0.95,0.950554590404918,0.8638105189829328,0.8419913923461673,0.9367838798893718,0.8895230560578662
62,62.0,EMB,0.1,0.9,0.9501482080301804,0.867546449036291,0.842549726648831,0.9287501646253128,0.8922355334538878
63,63.0,EMB,0.1,0.95,0.9500135098621996,0.8689056287926344,0.8392695126206816,0.9261161596207031,0.8937895569620253
64,64.0,EMB,0.15,0.9,0.9489501852614244,0.8782814567230695,0.8377108293590787,0.9107072303437376,0.9012206148282098
65,65.0,EMB,0.15,0.95,0.9482902418682236,0.8788397693517386,0.8330580435035477,0.8984591070723035,0.9020400090415912
66,66.0,EMB,0.2,0.9,0.9439356092145434,0.8932238833921159,0.9129929045015704,0.895825102067694,0.9033397377938516
67,67.0,EMB,0.2,0.95,0.9456333140543668,0.8899838107974942,0.821914621379551,0.8613196365073094,0.9116749547920434
68,68.0,EMB,0.25,0.9,0.9364121280179676,0.9000928792569659,0.9171571478422704,0.8785723692875016,0.9088212025316456
69,69.0,EMB,0.25,0.95,0.938587802462148,0.9001591710620768,0.9098057461905316,0.8735677597787436,0.909612341772152
70,70.0,ETH,0.05,0.9,0.8998046329891153,0.8614786522984585,0.9001874876652852,0.8203562340966921,0.8756885787734117
71,71.0,ETH,0.05,0.95,0.8975456621004566,0.8675733223435675,0.8912078152753108,0.8002544529262087,0.8819928999877586
72,72.0,ETH,0.1,0.9,0.8859915100060642,0.8975163755458515,0.8858298796131834,0.7435114503816794,0.9080670828742808
73,73.0,ETH,0.1,0.95,0.8848744641763625,0.9006504621704896,0.8817347542924807,0.7353689567430025,0.9111886399804138
74,74.0,ETH,0.15,0.9,0.878489847715736,0.9159161223788244,0.8731497927767911,0.7045801526717558,0.9251438364548904
75,75.0,ETH,0.15,0.95,0.876707872478855,0.9206117483489746,0.8614071442668245,0.6857506361323156,0.9301016036234544
76,76.0,ETH,0.2,0.9,0.8637236084452975,0.9286102801196628,0.8799092164989145,0.6870229007633588,0.93573264781491
77,77.0,ETH,0.2,0.95,0.8596375617792422,0.9326042378673958,0.8715709492796526,0.6638676844783715,0.9396498959480964
78,78.0,ETH,0.25,0.9,0.8587064676616916,0.9348643291641036,0.8706335109532267,0.6587786259541984,0.9416697270167708
79,79.0,ETH,0.25,0.95,0.8516713091922006,0.9398568676025324,0.858693507006118,0.6223918575063613,0.9465050801811729
80,80.0,INH,0.05,0.9,0.947074327886136,0.9808574421208508,0.9546970596059012,0.9418610747051114,0.9822123775003356
81,81.0,INH,0.05,0.95,0.9475574333245312,0.9810632836043008,0.9374475660412104,0.9406028833551768,0.982917170089945
82,82.0,INH,0.1,0.9,0.9456991830850552,0.9827438981000498,0.9583393014262036,0.9285452162516382,0.9837226473352128
83,83.0,INH,0.1,0.95,0.9456614661252404,0.9829011114277572,0.9573775858893824,0.9278636959370904,0.9838904550946436
84,84.0,INH,0.15,0.9,0.945417645802179,0.983008849557522,0.9611835239712712,0.9280209698558324,0.9838904550946436
85,85.0,INH,0.15,0.95,0.9455100728675524,0.9844251193955378,0.9560270917312926,0.9251376146788992,0.9853336018257484
86,86.0,INH,0.2,0.9,0.945069065210408,0.984559395095753,0.9613062961674612,0.925399737876802,0.9853336018257484
87,87.0,INH,0.2,0.95,0.9450330769644488,0.9850312145289444,0.9573161997912872,0.9211533420707732,0.9858370251040408
88,88.0,INH,0.25,0.9,0.9447341540777378,0.9851177881224432,0.9608356694153998,0.9212581913499344,0.9858370251040408
89,89.0,INH,0.25,0.95,0.9444804843766894,0.9852021896521278,0.9578891367068404,0.915910878112713,0.9859377097596992
90,90.0,KAN,0.05,0.9,0.8435003631082062,0.972280382339554,0.9144843911821277,0.8217191368942341,0.9748440662563508
91,91.0,KAN,0.05,0.95,0.8432157148053838,0.9725459843380077,0.9140775262612812,0.8199504775380262,0.9750919079681112
92,92.0,KAN,0.1,0.9,0.826118067978533,0.9740654002949084,0.9562435271489864,0.8167668906968518,0.9752984427279112
93,93.0,KAN,0.1,0.95,0.8259935553168636,0.9741498959056212,0.9560955762686788,0.8160594269543686,0.9753810566318312
94,94.0,KAN,0.15,0.9,0.8256979241231209,0.9743357877965808,0.9623095132416036,0.8160594269543686,0.9753810566318312
95,95.0,KAN,0.15,0.95,0.8246308966510623,0.976740156798198,0.9566503920698328,0.8100459851432614,0.977818166797472
96,96.0,KAN,0.2,0.9,0.8243779300396682,0.9770972611602328,0.9601272377570648,0.808631057658295,0.978066008509232
97,97.0,KAN,0.2,0.95,0.8243779300396682,0.9770705587701874,0.9591285693149876,0.808631057658295,0.978066008509232
98,98.0,KAN,0.25,0.9,0.8234870317002881,0.9771652188870732,0.962790353602604,0.808631057658295,0.978066008509232
99,99.0,KAN,0.25,0.95,0.8243779300396682,0.9771091089365004,0.9605710903979878,0.808631057658295,0.978066008509232
100,100.0,LEV,0.05,0.9,0.9202453987730062,0.9611492281303602,0.8709638481501599,0.8906741180579811,0.9669487815555232
101,101.0,LEV,0.05,0.95,0.9201301048066498,0.9619742489270386,0.8701188967348663,0.8892769821865176,0.9676783890267036
102,102.0,LEV,0.1,0.9,0.9169398907103824,0.9644384802482596,0.8852676685376305,0.8791477471184073,0.9690646432219466
103,103.0,LEV,0.1,0.95,0.9168490153172868,0.9650860260176248,0.8846037781398998,0.8780998952148097,0.969648329198891
104,104.0,LEV,0.15,0.9,0.916452913155002,0.9681314994968132,0.8843623634498159,0.8735592036325532,0.9722749160951408
105,105.0,LEV,0.15,0.95,0.9162380602498164,0.9688078022532368,0.8821292775665399,0.8711142158574922,0.9729315628192032
106,106.0,LEV,0.2,0.9,0.916083916083916,0.9696310549652808,0.8853883758826725,0.8693677960181627,0.9735152487961476
107,107.0,LEV,0.2,0.95,0.916083916083916,0.9695137314184932,0.8826121069467077,0.8693677960181627,0.9735152487961476
108,108.0,LEV,0.25,0.9,0.914401175606172,0.9697978201181464,0.8896734866316616,0.8693677960181627,0.9735152487961476
109,109.0,LEV,0.25,0.95,0.914306730415594,0.9698785155599934,0.8894320719415777,0.8683199441145651,0.9735882095432656
110,110.0,LZD,0.05,0.9,0.3011049723756906,0.9977226595376008,0.9913215370522154,0.3002754820936639,0.9977426636568848
111,111.0,LZD,0.05,0.95,0.3011049723756906,0.9977226595376008,0.9913215370522154,0.3002754820936639,0.9977426636568848
112,112.0,LZD,0.1,0.9,0.299168975069252,0.9977226595376008,0.9912733233691722,0.2975206611570248,0.9977426636568848
113,113.0,LZD,0.1,0.95,0.299168975069252,0.9977226595376008,0.9912733233691722,0.2975206611570248,0.9977426636568848
114,114.0,LZD,0.15,0.9,0.2983425414364641,0.9977342133779924,0.99628754640567,0.2975206611570248,0.9977426636568848
115,115.0,LZD,0.15,0.95,0.299168975069252,0.9977259244611428,0.9926715201774264,0.2975206611570248,0.9977426636568848
116,116.0,LZD,0.2,0.9,0.2983425414364641,0.9977342133779924,0.99628754640567,0.2975206611570248,0.9977426636568848
117,117.0,LZD,0.2,0.95,0.2983425414364641,0.9977342133779924,0.99628754640567,0.2975206611570248,0.9977426636568848
118,118.0,LZD,0.25,0.9,0.2983425414364641,0.9977342133779924,0.99628754640567,0.2975206611570248,0.9977426636568848
119,119.0,LZD,0.25,0.95,0.2983425414364641,0.9977342133779924,0.99628754640567,0.2975206611570248,0.9977426636568848
120,120.0,MXF,0.05,0.9,0.942811755361398,0.9235424121237634,0.8631455310120107,0.919442292796282,0.9354795737122558
121,121.0,MXF,0.05,0.95,0.9427662957074722,0.9237368421052632,0.8628803091728867,0.9186676994577848,0.935657193605684
122,122.0,MXF,0.1,0.9,0.9415049189045468,0.9257773842387624,0.8699276323267533,0.9142783372063,0.9367229129662522
123,123.0,MXF,0.1,0.95,0.9412550066755674,0.9272537235432452,0.8668965255939075,0.9101471727343144,0.9381882770870338
124,124.0,MXF,0.15,0.9,0.9410037373198078,0.928032261400062,0.8747774030993066,0.9101471727343144,0.9381882770870338
125,125.0,MXF,0.15,0.95,0.9411134903640256,0.9285342223148244,0.8689425226385784,0.9078233927188226,0.939076376554174
126,126.0,MXF,0.2,0.9,0.9407506702412868,0.9296175542100088,0.8734512939036866,0.906016008262329,0.9396092362344582
127,127.0,MXF,0.2,0.95,0.9407506702412868,0.9295701708959088,0.8729587390595991,0.906016008262329,0.9396092362344582
128,128.0,MXF,0.25,0.9,0.9337413517828632,0.935385784872672,0.9398704201871708,0.906016008262329,0.9396092362344582
129,129.0,MXF,0.25,0.95,0.9406233207952712,0.9300988971159324,0.8727692948887963,0.903950426026336,0.9400532859680284
130,130.0,PZA,0.05,0.9,0.875632975491189,0.966761756569848,0.9756377285049004,0.8668538199318228,0.967671417160634
131,131.0,PZA,0.05,0.95,0.8752032520325204,0.9675144908729127,0.9744213526099952,0.8634449568879086,0.9684281330138312
132,132.0,PZA,0.1,0.9,0.8670694864048338,0.9687243863508908,0.9666713004795996,0.805694806496892,0.9695211670240048
133,133.0,PZA,0.1,0.95,0.8664353859496965,0.9700635016631388,0.964794606241746,0.8012833366753559,0.9708664396519108
134,134.0,PZA,0.15,0.9,0.8638732088580113,0.9720339710045466,0.970320428164315,0.7978744736314417,0.9725900702064152
135,135.0,PZA,0.15,0.95,0.8626806833114323,0.973748762749064,0.9662542573156322,0.7898536194104672,0.974355740530542
136,136.0,PZA,0.2,0.9,0.8614404918752745,0.9757208542821536,0.9670188364495724,0.7866452777220774,0.9762475301635348
137,137.0,PZA,0.2,0.95,0.8608599779492834,0.9766441567379244,0.9655939389726836,0.7828353719671145,0.97717240509522
138,138.0,PZA,0.25,0.9,0.8606756458379333,0.9769383013510023,0.9651421422117188,0.7816322438339683,0.9774666834825744
139,139.0,PZA,0.25,0.95,0.856001825650388,0.9789178702306532,0.9583999443942448,0.7521556045718869,0.9794425526548116
140,140.0,RIF,0.05,0.9,0.960361658913713,0.9755284678290388,0.9718642961996412,0.9576636613092904,0.9764981328907592
141,141.0,RIF,0.05,0.95,0.9603538663171692,0.9755205751115518,0.9690915022019246,0.957467659741278,0.9765870428546026
142,142.0,RIF,0.1,0.9,0.9602205592753053,0.9757722778357796,0.9745555374327188,0.955703645629165,0.976616679509217
143,143.0,RIF,0.1,0.95,0.960210111621799,0.9758921442171856,0.9743924319034416,0.9554423102051484,0.9767352261276748
144,144.0,RIF,0.15,0.9,0.9595800524934384,0.9761202202415356,0.9809370412656988,0.9554423102051484,0.9767352261276748
145,145.0,RIF,0.15,0.95,0.9595747473421709,0.9760946456884986,0.9793263741640842,0.95531164249314,0.9767648627822892
146,146.0,RIF,0.2,0.9,0.9595747473421709,0.9761904761904762,0.982017615397162,0.95531164249314,0.9767648627822892
147,147.0,RIF,0.2,0.95,0.9595747473421709,0.9761499148211245,0.98087587669222,0.95531164249314,0.9767648627822892
148,148.0,RIF,0.25,0.9,0.9590234816736511,0.9830596422684816,0.9744535964769204,0.9419182020122828,0.9835516566889928
149,149.0,RIF,0.25,0.95,0.9589716264819502,0.9830871333761508,0.9727409884195074,0.9406768587482032,0.9836109299982218
150,150.0,STM,0.05,0.9,0.9555081267443768,0.8857730416900356,0.9345914050322868,0.9428154867973432,0.896361631753032
151,151.0,STM,0.05,0.95,0.9553026554510968,0.8880142442132883,0.9315297261189044,0.938279604730277,0.8986515138665083
152,152.0,STM,0.1,0.9,0.9543700721355476,0.8938626126126126,0.9250167000668004,0.9215940385549976,0.9040793825799338
153,153.0,STM,0.1,0.95,0.9542616033755276,0.8978586317983703,0.9173346693386774,0.9159241859711648,0.9085743363582394
154,154.0,STM,0.15,0.9,0.9534804173080212,0.9091596559221098,0.9143843242039634,0.9031265187105136,0.9184971588499704
155,155.0,STM,0.15,0.95,0.9530224525043178,0.913163664093032,0.906312625250501,0.8938927587882715,0.922737681282334
156,156.0,STM,0.2,0.9,0.9529411764705882,0.9145193496244176,0.9072032954798486,0.8922728009071764,0.9237554066661012
157,157.0,STM,0.2,0.95,0.9521968365553602,0.9202947086403216,0.8985192607437097,0.8776931799773205,0.9293528962768212
158,158.0,STM,0.25,0.9,0.9512883868690434,0.9226434915480852,0.8982965931863728,0.8731572979102543,0.9313035365957086
159,159.0,STM,0.25,0.95,0.9506978430306324,0.9294549671434094,0.8831551992874638,0.8496679086343755,0.9380883724874904
0,,LEV,0.05,0.9,0.9157744468236974,0.9508329289988678,0.915444504798117,0.8962626615438352,0.9556398657522253
1,,LEV,0.05,0.95,0.9152298850574713,0.9636915006966642,0.9043997827267789,0.8899755501222494,0.9676783890267037
2,,LEV,0.1,0.9,0.9120202751629254,0.9660092993426327,0.9195485545295431,0.879846315054139,0.9690646432219466
3,,LEV,0.1,0.95,0.9119246103660746,0.9666292315097064,0.9188846641318125,0.8787984631505414,0.969648329198891
4,,LEV,0.15,0.9,0.9115076474872542,0.9696315831535204,0.9209366889975255,0.874257771568285,0.9722749160951408
5,,LEV,0.15,0.95,0.9112814895947426,0.9701888308557653,0.9164101635584525,0.8718127837932239,0.9729315628192032
6,,LEV,0.2,0.9,0.9078659868900218,0.971320218061152,0.9296276178405456,0.8707649318896262,0.9735152487961477
7,,LEV,0.2,0.95,0.9078659868900218,0.9712520788785934,0.9278170076649164,0.8707649318896262,0.9735152487961477
8,,LEV,0.25,0.9,0.906215921483097,0.9714914002984372,0.9345162653147444,0.8707649318896262,0.9735152487961477
9,,LEV,0.25,0.95,0.9059766763848397,0.9715453545040088,0.9334298992093669,0.8683199441145651,0.9735882095432657
10,,MXF,0.05,0.9,0.937434279705573,0.9292324176894603,0.9220626681317016,0.9207332816937774,0.9354795737122558
11,,MXF,0.05,0.95,0.9373684210526316,0.9294587616310226,0.9217216686242564,0.9197004905757811,0.9357015985790409
12,,MXF,0.1,0.9,0.9360296061326989,0.9313749097038285,0.930095100973743,0.9142783372063,0.9367229129662522
13,,MXF,0.1,0.95,0.935757897531192,0.9327568716487126,0.9270639942408972,0.9101471727343144,0.9381882770870338
14,,MXF,0.15,0.9,0.9354066985645934,0.9341954571483108,0.9365362027810404,0.9085979860573199,0.938765541740675
15,,MXF,0.15,0.95,0.9356040447046301,0.9339240994028125,0.9291099912855681,0.9078233927188226,0.9390763765541741
16,,MXF,0.2,0.9,0.9352345415778252,0.9350835322195704,0.9359299814344713,0.906016008262329,0.9396092362344582
17,,MXF,0.2,0.95,0.9352345415778252,0.9350432249128338,0.9354374265903839,0.906016008262329,0.9396092362344582
18,,MXF,0.25,0.9,0.9337413517828632,0.935385784872672,0.9398704201871708,0.906016008262329,0.9396092362344582
19,,MXF,0.25,0.95,0.9350961538461539,0.9355670103092784,0.9357026484295078,0.9039504260263361,0.9400532859680284
